chunk,route_id,segment_id,segment_path,video_path,video_size_bytes,has_raw_log_bz2,has_preview_png,has_frame_times,frame_times_shape,has_frame_positions,frame_positions_shape,has_frame_velocities,frame_velocities_shape,has_frame_orientations,frame_orientations_shape,frame_count,start_time_s,end_time_s,duration_s,estimated_fps,timestamps_monotonic,mean_speed_mps,max_speed_mps,usable,issue,split
Chunk_5,99c94dc769b5d96e|2018-07-03--10-35-30,27,Chunk_5/99c94dc769b5d96e|2018-07-03--10-35-30/27,Chunk_5/99c94dc769b5d96e|2018-07-03--10-35-30/27/video.hevc,37453854,True,True,True,1199,True,1199x3,True,1199x3,True,1199x4,1199,341037.94037,341097.839532,59.899162,20.00028,True,32.810853,33.105645,True,ok,train
Chunk_5,99c94dc769b5d96e|2018-07-03--10-35-30,28,Chunk_5/99c94dc769b5d96e|2018-07-03--10-35-30/28,Chunk_5/99c94dc769b5d96e|2018-07-03--10-35-30/28/video.hevc,37547198,True,True,True,1201,True,1201x3,True,1201x3,True,1201x4,1201,341097.889543,341157.888708,59.999165,20.000278,True,32.827424,33.114659,True,ok,train
Chunk_5,99c94dc769b5d96e|2018-07-03--10-35-30,29,Chunk_5/99c94dc769b5d96e|2018-07-03--10-35-30/29,Chunk_5/99c94dc769b5d96e|2018-07-03--10-35-30/29/video.hevc,37496190,True,True,True,1200,True,1200x3,True,1200x3,True,1200x4,1200,341157.938686,341217.887838,59.949152,20.000283,True,33.071672,33.261835,True,ok,train
Chunk_5,99c94dc769b5d96e|2018-07-03--10-35-30,30,Chunk_5/99c94dc769b5d96e|2018-07-03--10-35-30/30,Chunk_5/99c94dc769b5d96e|2018-07-03--10-35-30/30/video.hevc,37496894,True,True,True,1200,True,1200x3,True,1200x3,True,1200x4,1200,341217.937846,341277.887001,59.949155,20.000282,True,32.713755,33.166735,True,ok,train
Chunk_5,99c94dc769b5d96e|2018-07-03--10-35-30,31,Chunk_5/99c94dc769b5d96e|2018-07-03--10-35-30/31,Chunk_5/99c94dc769b5d96e|2018-07-03--10-35-30/31/video.hevc,37496510,True,True,True,1200,True,1200x3,True,1200x3,True,1200x4,1200,341277.937013,341337.88617,59.949157,20.000281,True,32.631064,33.14561,True,ok,train
Chunk_5,99c94dc769b5d96e|2018-07-03--10-35-30,32,Chunk_5/99c94dc769b5d96e|2018-07-03--10-35-30/32,Chunk_5/99c94dc769b5d96e|2018-07-03--10-35-30/32/video.hevc,37485166,True,True,True,1200,True,1200x3,True,1200x3,True,1200x4,1200,341337.936155,341397.885314,59.949159,20.000281,True,31.925231,33.146291,True,ok,train
Chunk_5,99c94dc769b5d96e|2018-07-03--10-35-30,33,Chunk_5/99c94dc769b5d96e|2018-07-03--10-35-30/33,Chunk_5/99c94dc769b5d96e|2018-07-03--10-35-30/33/video.hevc,37502366,True,True,True,1200,True,1200x3,True,1200x3,True,1200x4,1200,341397.935315,341457.884474,59.949159,20.000281,True,32.791256,33.233922,True,ok,train
Chunk_5,99c94dc769b5d96e|2018-07-03--10-35-30,34,Chunk_5/99c94dc769b5d96e|2018-07-03--10-35-30/34,Chunk_5/99c94dc769b5d96e|2018-07-03--10-35-30/34/video.hevc,37487998,True,True,True,1200,True,1200x3,True,1200x3,True,1200x4,1200,341457.934473,341517.883627,59.949154,20.000282,True,32.90069,33.249596,True,ok,train
Chunk_5,99c94dc769b5d96e|2018-07-03--10-35-30,35,Chunk_5/99c94dc769b5d96e|2018-07-03--10-35-30/35,Chunk_5/99c94dc769b5d96e|2018-07-03--10-35-30/35/video.hevc,37515726,True,True,True,1200,True,1200x3,True,1200x3,True,1200x4,1200,341517.933632,341577.882791,59.949159,20.000281,True,30.961726,33.000731,True,ok,train
Chunk_5,99c94dc769b5d96e|2018-07-03--10-35-30,36,Chunk_5/99c94dc769b5d96e|2018-07-03--10-35-30/36,Chunk_5/99c94dc769b5d96e|2018-07-03--10-35-30/36/video.hevc,37467070,True,True,True,1200,True,1200x3,True,1200x3,True,1200x4,1200,341577.932803,341637.881942,59.949139,20.000287,True,6.868029,22.145418,True,ok,train
Chunk_5,99c94dc769b5d96e|2018-07-03--10-35-30,37,Chunk_5/99c94dc769b5d96e|2018-07-03--10-35-30/37,Chunk_5/99c94dc769b5d96e|2018-07-03--10-35-30/37/video.hevc,37475454,True,True,True,1200,True,1200x3,True,1200x3,True,1200x4,1200,341637.931951,341697.881112,59.949161,20.00028,True,2.793074,11.974533,True,ok,train
Chunk_5,99c94dc769b5d96e|2018-07-03--10-35-30,38,Chunk_5/99c94dc769b5d96e|2018-07-03--10-35-30/38,Chunk_5/99c94dc769b5d96e|2018-07-03--10-35-30/38/video.hevc,37468430,True,True,True,1200,True,1200x3,True,1200x3,True,1200x4,1200,341697.931107,341757.880273,59.949166,20.000278,True,8.022424,19.977148,True,ok,train
Chunk_5,99c94dc769b5d96e|2018-07-03--10-35-30,39,Chunk_5/99c94dc769b5d96e|2018-07-03--10-35-30/39,Chunk_5/99c94dc769b5d96e|2018-07-03--10-35-30/39/video.hevc,37490766,True,True,True,1200,True,1200x3,True,1200x3,True,1200x4,1200,341757.930267,341817.879416,59.949149,20.000284,True,14.011698,18.59034,True,ok,train
Chunk_5,99c94dc769b5d96e|2018-07-03--14-38-26,5,Chunk_5/99c94dc769b5d96e|2018-07-03--14-38-26/5,Chunk_5/99c94dc769b5d96e|2018-07-03--14-38-26/5/video.hevc,37489502,True,True,True,1200,True,1200x3,True,1200x3,True,1200x4,1200,354293.180569,354353.129694,59.949125,20.000292,True,17.450847,20.034573,True,ok,train
Chunk_5,99c94dc769b5d96e|2018-07-03--14-38-26,6,Chunk_5/99c94dc769b5d96e|2018-07-03--14-38-26/6,Chunk_5/99c94dc769b5d96e|2018-07-03--14-38-26/6/video.hevc,37470718,True,True,True,1200,True,1200x3,True,1200x3,True,1200x4,1200,354353.179688,354413.128844,59.949156,20.000282,True,9.096511,18.407662,True,ok,train
Chunk_5,99c94dc769b5d96e|2018-07-03--14-38-26,7,Chunk_5/99c94dc769b5d96e|2018-07-03--14-38-26/7,Chunk_5/99c94dc769b5d96e|2018-07-03--14-38-26/7/video.hevc,37504430,True,True,True,1200,True,1200x3,True,1200x3,True,1200x4,1200,354413.178857,354473.128001,59.949144,20.000286,True,1.522839,10.494353,True,ok,train
Chunk_5,99c94dc769b5d96e|2018-07-03--14-38-26,8,Chunk_5/99c94dc769b5d96e|2018-07-03--14-38-26/8,Chunk_5/99c94dc769b5d96e|2018-07-03--14-38-26/8/video.hevc,37524350,True,True,True,1200,True,1200x3,True,1200x3,True,1200x4,1200,354473.178013,354533.127162,59.949149,20.000284,True,0.808486,13.127374,True,ok,train
Chunk_5,99c94dc769b5d96e|2018-07-03--14-38-26,9,Chunk_5/99c94dc769b5d96e|2018-07-03--14-38-26/9,Chunk_5/99c94dc769b5d96e|2018-07-03--14-38-26/9/video.hevc,37501182,True,True,True,1200,True,1200x3,True,1200x3,True,1200x4,1200,354533.177158,354593.126334,59.949176,20.000275,True,22.150143,25.342412,True,ok,train
Chunk_5,99c94dc769b5d96e|2018-07-03--14-38-26,10,Chunk_5/99c94dc769b5d96e|2018-07-03--14-38-26/10,Chunk_5/99c94dc769b5d96e|2018-07-03--14-38-26/10/video.hevc,37492606,True,True,True,1200,True,1200x3,True,1200x3,True,1200x4,1200,354593.176333,354653.125481,59.949148,20.000284,True,26.091388,31.021429,True,ok,train
Chunk_5,99c94dc769b5d96e|2018-07-03--14-38-26,11,Chunk_5/99c94dc769b5d96e|2018-07-03--14-38-26/11,Chunk_5/99c94dc769b5d96e|2018-07-03--14-38-26/11/video.hevc,37497566,True,True,True,1200,True,1200x3,True,1200x3,True,1200x4,1200,354653.175489,354713.12465,59.949161,20.00028,True,30.24613,31.189948,True,ok,train
Chunk_5,99c94dc769b5d96e|2018-07-03--14-38-26,12,Chunk_5/99c94dc769b5d96e|2018-07-03--14-38-26/12,Chunk_5/99c94dc769b5d96e|2018-07-03--14-38-26/12/video.hevc,37507566,True,True,True,1200,True,1200x3,True,1200x3,True,1200x4,1200,354713.174636,354773.123791,59.949155,20.000282,True,25.877236,28.371725,True,ok,train
Chunk_5,99c94dc769b5d96e|2018-07-03--14-38-26,13,Chunk_5/99c94dc769b5d96e|2018-07-03--14-38-26/13,Chunk_5/99c94dc769b5d96e|2018-07-03--14-38-26/13/video.hevc,37469406,True,True,True,1200,True,1200x3,True,1200x3,True,1200x4,1200,354773.173788,354833.122947,59.949159,20.000281,True,26.447593,27.437527,True,ok,train
Chunk_5,99c94dc769b5d96e|2018-07-03--14-38-26,14,Chunk_5/99c94dc769b5d96e|2018-07-03--14-38-26/14,Chunk_5/99c94dc769b5d96e|2018-07-03--14-38-26/14/video.hevc,37486766,True,True,True,1200,True,1200x3,True,1200x3,True,1200x4,1200,354833.172945,354893.1221,59.949155,20.000282,True,26.972099,27.834862,True,ok,train
Chunk_5,99c94dc769b5d96e|2018-07-03--14-38-26,15,Chunk_5/99c94dc769b5d96e|2018-07-03--14-38-26/15,Chunk_5/99c94dc769b5d96e|2018-07-03--14-38-26/15/video.hevc,37481854,True,True,True,1200,True,1200x3,True,1200x3,True,1200x4,1200,354893.1721,354953.12126,59.94916,20.00028,True,24.23915,26.43119,True,ok,train
Chunk_5,99c94dc769b5d96e|2018-07-03--14-38-26,16,Chunk_5/99c94dc769b5d96e|2018-07-03--14-38-26/16,Chunk_5/99c94dc769b5d96e|2018-07-03--14-38-26/16/video.hevc,37415246,True,True,True,1200,True,1200x3,True,1200x3,True,1200x4,1200,354953.171262,355013.120414,59.949152,20.000283,True,12.317305,22.70921,True,ok,train
Chunk_5,99c94dc769b5d96e|2018-07-03--14-38-26,17,Chunk_5/99c94dc769b5d96e|2018-07-03--14-38-26/17,Chunk_5/99c94dc769b5d96e|2018-07-03--14-38-26/17/video.hevc,37508782,True,True,True,1200,True,1200x3,True,1200x3,True,1200x4,1200,355013.170421,355073.119571,59.94915,20.000284,True,2.338669,9.166971,True,ok,train
Chunk_5,99c94dc769b5d96e|2018-07-03--14-38-26,18,Chunk_5/99c94dc769b5d96e|2018-07-03--14-38-26/18,Chunk_5/99c94dc769b5d96e|2018-07-03--14-38-26/18/video.hevc,37470750,True,True,True,1200,True,1200x3,True,1200x3,True,1200x4,1200,355073.169574,355133.118737,59.949163,20.000279,True,11.785681,24.836246,True,ok,train
Chunk_5,99c94dc769b5d96e|2018-07-03--14-38-26,19,Chunk_5/99c94dc769b5d96e|2018-07-03--14-38-26/19,Chunk_5/99c94dc769b5d96e|2018-07-03--14-38-26/19/video.hevc,37468606,True,True,True,1200,True,1200x3,True,1200x3,True,1200x4,1200,355133.168726,355193.117923,59.949197,20.000268,True,26.739621,32.2278,True,ok,train
Chunk_5,99c94dc769b5d96e|2018-07-03--14-38-26,20,Chunk_5/99c94dc769b5d96e|2018-07-03--14-38-26/20,Chunk_5/99c94dc769b5d96e|2018-07-03--14-38-26/20/video.hevc,37470782,True,True,True,1199,True,1199x3,True,1199x3,True,1199x4,1199,355193.1679,355253.067049,59.899149,20.000284,True,27.948571,32.05922,True,ok,train
Chunk_5,99c94dc769b5d96e|2018-07-03--14-38-26,21,Chunk_5/99c94dc769b5d96e|2018-07-03--14-38-26/21,Chunk_5/99c94dc769b5d96e|2018-07-03--14-38-26/21/video.hevc,37568750,True,True,True,1201,True,1201x3,True,1201x3,True,1201x4,1201,355253.117058,355313.116213,59.999155,20.000282,True,29.728602,32.088252,True,ok,train
Chunk_5,99c94dc769b5d96e|2018-07-03--14-38-26,22,Chunk_5/99c94dc769b5d96e|2018-07-03--14-38-26/22,Chunk_5/99c94dc769b5d96e|2018-07-03--14-38-26/22/video.hevc,37461326,True,True,True,1200,True,1200x3,True,1200x3,True,1200x4,1200,355313.166203,355373.115359,59.949156,20.000282,True,27.785792,30.590825,True,ok,train
Chunk_5,99c94dc769b5d96e|2018-07-03--14-38-26,23,Chunk_5/99c94dc769b5d96e|2018-07-03--14-38-26/23,Chunk_5/99c94dc769b5d96e|2018-07-03--14-38-26/23/video.hevc,37485070,True,True,True,1200,True,1200x3,True,1200x3,True,1200x4,1200,355373.165372,355433.114515,59.949143,20.000286,True,28.466584,31.484626,True,ok,train
Chunk_5,99c94dc769b5d96e|2018-07-03--14-38-26,24,Chunk_5/99c94dc769b5d96e|2018-07-03--14-38-26/24,Chunk_5/99c94dc769b5d96e|2018-07-03--14-38-26/24/video.hevc,37505406,True,True,True,1200,True,1200x3,True,1200x3,True,1200x4,1200,355433.164507,355493.113686,59.949179,20.000274,True,25.131671,29.139203,True,ok,train
Chunk_5,99c94dc769b5d96e|2018-07-03--14-38-26,25,Chunk_5/99c94dc769b5d96e|2018-07-03--14-38-26/25,Chunk_5/99c94dc769b5d96e|2018-07-03--14-38-26/25/video.hevc,37503230,True,True,True,1200,True,1200x3,True,1200x3,True,1200x4,1200,355493.163666,355553.112835,59.949169,20.000277,True,12.059635,23.64248,True,ok,train
Chunk_5,99c94dc769b5d96e|2018-07-03--14-38-26,26,Chunk_5/99c94dc769b5d96e|2018-07-03--14-38-26/26,Chunk_5/99c94dc769b5d96e|2018-07-03--14-38-26/26/video.hevc,37458126,True,True,True,1200,True,1200x3,True,1200x3,True,1200x4,1200,355553.162836,355613.111989,59.949153,20.000283,True,4.069109,11.869544,True,ok,train
Chunk_5,99c94dc769b5d96e|2018-07-03--14-38-26,27,Chunk_5/99c94dc769b5d96e|2018-07-03--14-38-26/27,Chunk_5/99c94dc769b5d96e|2018-07-03--14-38-26/27/video.hevc,37459102,True,True,True,1200,True,1200x3,True,1200x3,True,1200x4,1200,355613.161987,355673.111145,59.949158,20.000281,True,8.724922,17.588273,True,ok,train
Chunk_5,99c94dc769b5d96e|2018-07-03--14-38-26,28,Chunk_5/99c94dc769b5d96e|2018-07-03--14-38-26/28,Chunk_5/99c94dc769b5d96e|2018-07-03--14-38-26/28/video.hevc,37454254,True,True,True,1200,True,1200x3,True,1200x3,True,1200x4,1200,355673.161161,355733.110306,59.949145,20.000285,True,16.266959,19.791836,True,ok,train
Chunk_5,99c94dc769b5d96e|2018-07-04--00-20-19,8,Chunk_5/99c94dc769b5d96e|2018-07-04--00-20-19/8,Chunk_5/99c94dc769b5d96e|2018-07-04--00-20-19/8/video.hevc,37467086,True,True,True,1200,True,1200x3,True,1200x3,True,1200x4,1200,389386.223688,389446.172846,59.949158,20.000281,True,16.126478,19.966535,True,ok,validation
Chunk_5,99c94dc769b5d96e|2018-07-04--00-20-19,9,Chunk_5/99c94dc769b5d96e|2018-07-04--00-20-19/9,Chunk_5/99c94dc769b5d96e|2018-07-04--00-20-19/9/video.hevc,37530542,True,True,True,1200,True,1200x3,True,1200x3,True,1200x4,1200,389446.222863,389506.171997,59.949134,20.000289,True,9.376714,19.333359,True,ok,validation
Chunk_5,99c94dc769b5d96e|2018-07-04--00-20-19,10,Chunk_5/99c94dc769b5d96e|2018-07-04--00-20-19/10,Chunk_5/99c94dc769b5d96e|2018-07-04--00-20-19/10/video.hevc,37505166,True,True,True,1200,True,1200x3,True,1200x3,True,1200x4,1200,389506.221995,389566.171173,59.949178,20.000274,True,4.038765,21.715733,True,ok,validation
Chunk_5,99c94dc769b5d96e|2018-07-04--00-20-19,11,Chunk_5/99c94dc769b5d96e|2018-07-04--00-20-19/11,Chunk_5/99c94dc769b5d96e|2018-07-04--00-20-19/11/video.hevc,37517214,True,True,True,1200,True,1200x3,True,1200x3,True,1200x4,1200,389566.221167,389626.170312,59.949145,20.000285,True,27.60901,32.859255,True,ok,validation
Chunk_5,99c94dc769b5d96e|2018-07-04--00-20-19,12,Chunk_5/99c94dc769b5d96e|2018-07-04--00-20-19/12,Chunk_5/99c94dc769b5d96e|2018-07-04--00-20-19/12/video.hevc,37467918,True,True,True,1200,True,1200x3,True,1200x3,True,1200x4,1200,389626.220323,389686.169488,59.949165,20.000279,True,32.623801,33.047766,True,ok,validation
Chunk_5,99c94dc769b5d96e|2018-07-04--00-20-19,13,Chunk_5/99c94dc769b5d96e|2018-07-04--00-20-19/13,Chunk_5/99c94dc769b5d96e|2018-07-04--00-20-19/13/video.hevc,37405438,True,True,True,1200,True,1200x3,True,1200x3,True,1200x4,1200,389686.219463,389746.16863,59.949167,20.000278,True,32.265357,33.081742,True,ok,validation
Chunk_5,99c94dc769b5d96e|2018-07-04--00-20-19,14,Chunk_5/99c94dc769b5d96e|2018-07-04--00-20-19/14,Chunk_5/99c94dc769b5d96e|2018-07-04--00-20-19/14/video.hevc,37453374,True,True,True,1200,True,1200x3,True,1200x3,True,1200x4,1200,389746.218622,389806.1678,59.949178,20.000274,True,29.321671,30.87377,True,ok,validation
Chunk_5,99c94dc769b5d96e|2018-07-04--00-20-19,15,Chunk_5/99c94dc769b5d96e|2018-07-04--00-20-19/15,Chunk_5/99c94dc769b5d96e|2018-07-04--00-20-19/15/video.hevc,37381950,True,True,True,1200,True,1200x3,True,1200x3,True,1200x4,1200,389806.21778,389866.166943,59.949163,20.000279,True,29.821294,32.152153,True,ok,validation
Chunk_5,99c94dc769b5d96e|2018-07-04--00-20-19,16,Chunk_5/99c94dc769b5d96e|2018-07-04--00-20-19/16,Chunk_5/99c94dc769b5d96e|2018-07-04--00-20-19/16/video.hevc,37481198,True,True,True,1200,True,1200x3,True,1200x3,True,1200x4,1200,389866.216956,389926.166109,59.949153,20.000283,True,32.549121,33.031094,True,ok,validation
Chunk_5,99c94dc769b5d96e|2018-07-04--00-20-19,17,Chunk_5/99c94dc769b5d96e|2018-07-04--00-20-19/17,Chunk_5/99c94dc769b5d96e|2018-07-04--00-20-19/17/video.hevc,37532414,True,True,True,1200,True,1200x3,True,1200x3,True,1200x4,1200,389926.216108,389986.165257,59.949149,20.000284,True,32.569304,33.050917,True,ok,validation
Chunk_5,99c94dc769b5d96e|2018-07-04--00-20-19,18,Chunk_5/99c94dc769b5d96e|2018-07-04--00-20-19/18,Chunk_5/99c94dc769b5d96e|2018-07-04--00-20-19/18/video.hevc,37470382,True,True,True,1200,True,1200x3,True,1200x3,True,1200x4,1200,389986.215261,390046.164419,59.949158,20.000281,True,32.701513,33.007064,True,ok,validation
Chunk_5,99c94dc769b5d96e|2018-07-04--00-20-19,19,Chunk_5/99c94dc769b5d96e|2018-07-04--00-20-19/19,Chunk_5/99c94dc769b5d96e|2018-07-04--00-20-19/19/video.hevc,37434062,True,True,True,1200,True,1200x3,True,1200x3,True,1200x4,1200,390046.214413,390106.163571,59.949158,20.000281,True,32.684813,32.958076,True,ok,validation
Chunk_5,99c94dc769b5d96e|2018-07-05--10-05-06,25,Chunk_5/99c94dc769b5d96e|2018-07-05--10-05-06/25,Chunk_5/99c94dc769b5d96e|2018-07-05--10-05-06/25/video.hevc,37477470,True,True,True,1200,True,1200x3,True,1200x3,True,1200x4,1200,74434.116583,74494.065747,59.949164,20.000279,True,34.232992,34.47989,True,ok,train
Chunk_5,99c94dc769b5d96e|2018-07-05--10-05-06,26,Chunk_5/99c94dc769b5d96e|2018-07-05--10-05-06/26,Chunk_5/99c94dc769b5d96e|2018-07-05--10-05-06/26/video.hevc,37483774,True,True,True,1200,True,1200x3,True,1200x3,True,1200x4,1200,74494.115736,74554.064894,59.949158,20.000281,True,34.26504,34.504171,True,ok,train
Chunk_5,99c94dc769b5d96e|2018-07-05--10-05-06,27,Chunk_5/99c94dc769b5d96e|2018-07-05--10-05-06/27,Chunk_5/99c94dc769b5d96e|2018-07-05--10-05-06/27/video.hevc,37509678,True,True,True,1200,True,1200x3,True,1200x3,True,1200x4,1200,74554.114902,74614.064068,59.949166,20.000278,True,34.135776,34.528113,True,ok,train
Chunk_5,99c94dc769b5d96e|2018-07-05--10-05-06,28,Chunk_5/99c94dc769b5d96e|2018-07-05--10-05-06/28,Chunk_5/99c94dc769b5d96e|2018-07-05--10-05-06/28/video.hevc,37507662,True,True,True,1200,True,1200x3,True,1200x3,True,1200x4,1200,74614.114055,74674.06321,59.949155,20.000282,True,31.643609,34.453536,True,ok,train
Chunk_5,99c94dc769b5d96e|2018-07-05--10-05-06,29,Chunk_5/99c94dc769b5d96e|2018-07-05--10-05-06/29,Chunk_5/99c94dc769b5d96e|2018-07-05--10-05-06/29/video.hevc,37481310,True,True,True,1200,True,1200x3,True,1200x3,True,1200x4,1200,74674.113213,74734.062368,59.949155,20.000282,True,29.606722,31.450089,True,ok,train
Chunk_5,99c94dc769b5d96e|2018-07-05--10-05-06,30,Chunk_5/99c94dc769b5d96e|2018-07-05--10-05-06/30,Chunk_5/99c94dc769b5d96e|2018-07-05--10-05-06/30/video.hevc,37482030,True,True,True,1200,True,1200x3,True,1200x3,True,1200x4,1200,74734.112364,74794.061526,59.949162,20.00028,True,31.80844,33.535006,True,ok,train
Chunk_5,99c94dc769b5d96e|2018-07-05--10-05-06,31,Chunk_5/99c94dc769b5d96e|2018-07-05--10-05-06/31,Chunk_5/99c94dc769b5d96e|2018-07-05--10-05-06/31/video.hevc,37506910,True,True,True,1200,True,1200x3,True,1200x3,True,1200x4,1200,74794.11153,74854.060679,59.949149,20.000284,True,33.452822,34.524253,True,ok,train
Chunk_5,99c94dc769b5d96e|2018-07-05--10-05-06,32,Chunk_5/99c94dc769b5d96e|2018-07-05--10-05-06/32,Chunk_5/99c94dc769b5d96e|2018-07-05--10-05-06/32/video.hevc,37508862,True,True,True,1200,True,1200x3,True,1200x3,True,1200x4,1200,74854.110685,74914.059835,59.94915,20.000284,True,32.804661,34.166212,True,ok,train
Chunk_5,99c94dc769b5d96e|2018-07-05--10-05-06,33,Chunk_5/99c94dc769b5d96e|2018-07-05--10-05-06/33,Chunk_5/99c94dc769b5d96e|2018-07-05--10-05-06/33/video.hevc,37477150,True,True,True,1200,True,1200x3,True,1200x3,True,1200x4,1200,74914.109838,74974.058997,59.949159,20.000281,True,20.08328,29.872133,True,ok,train
Chunk_5,99c94dc769b5d96e|2018-07-05--10-05-06,34,Chunk_5/99c94dc769b5d96e|2018-07-05--10-05-06/34,Chunk_5/99c94dc769b5d96e|2018-07-05--10-05-06/34/video.hevc,37531166,True,True,True,1200,True,1200x3,True,1200x3,True,1200x4,1200,74974.108994,75034.058157,59.949163,20.000279,True,6.670513,15.007086,True,ok,train
Chunk_5,99c94dc769b5d96e|2018-07-05--10-05-06,35,Chunk_5/99c94dc769b5d96e|2018-07-05--10-05-06/35,Chunk_5/99c94dc769b5d96e|2018-07-05--10-05-06/35/video.hevc,37501678,True,True,True,1200,True,1200x3,True,1200x3,True,1200x4,1200,75034.108153,75094.057337,59.949184,20.000272,True,6.715495,16.989699,True,ok,train
Chunk_5,99c94dc769b5d96e|2018-07-05--10-05-06,36,Chunk_5/99c94dc769b5d96e|2018-07-05--10-05-06/36,Chunk_5/99c94dc769b5d96e|2018-07-05--10-05-06/36/video.hevc,37491966,True,True,True,1200,True,1200x3,True,1200x3,True,1200x4,1200,75094.10734,75154.056465,59.949125,20.000292,True,9.412797,17.197764,True,ok,train
Chunk_5,99c94dc769b5d96e|2018-07-05--16-30-16,3,Chunk_5/99c94dc769b5d96e|2018-07-05--16-30-16/3,Chunk_5/99c94dc769b5d96e|2018-07-05--16-30-16/3/video.hevc,37430862,True,True,True,1200,True,1200x3,True,1200x3,True,1200x4,1200,96223.903506,96283.852663,59.949157,20.000281,True,9.659788,18.988345,True,ok,train
Chunk_5,99c94dc769b5d96e|2018-07-05--16-30-16,4,Chunk_5/99c94dc769b5d96e|2018-07-05--16-30-16/4,Chunk_5/99c94dc769b5d96e|2018-07-05--16-30-16/4/video.hevc,37531070,True,True,True,1200,True,1200x3,True,1200x3,True,1200x4,1200,96283.902662,96343.851814,59.949152,20.000283,True,6.500627,15.345579,True,ok,train
Chunk_5,99c94dc769b5d96e|2018-07-05--16-30-16,5,Chunk_5/99c94dc769b5d96e|2018-07-05--16-30-16/5,Chunk_5/99c94dc769b5d96e|2018-07-05--16-30-16/5/video.hevc,37412222,True,True,True,1200,True,1200x3,True,1200x3,True,1200x4,1200,96343.901816,96403.850974,59.949158,20.000281,True,1.571927,9.553738,True,ok,train
Chunk_5,99c94dc769b5d96e|2018-07-05--16-30-16,6,Chunk_5/99c94dc769b5d96e|2018-07-05--16-30-16/6,Chunk_5/99c94dc769b5d96e|2018-07-05--16-30-16/6/video.hevc,37463678,True,True,True,1200,True,1200x3,True,1200x3,True,1200x4,1200,96403.900977,96463.850132,59.949155,20.000282,True,0.030157,0.087047,True,ok,train
Chunk_5,99c94dc769b5d96e|2018-07-05--16-30-16,7,Chunk_5/99c94dc769b5d96e|2018-07-05--16-30-16/7,Chunk_5/99c94dc769b5d96e|2018-07-05--16-30-16/7/video.hevc,37479518,True,True,True,1200,True,1200x3,True,1200x3,True,1200x4,1200,96463.900127,96523.849286,59.949159,20.000281,True,8.182069,26.041075,True,ok,train
Chunk_5,99c94dc769b5d96e|2018-07-05--16-30-16,8,Chunk_5/99c94dc769b5d96e|2018-07-05--16-30-16/8,Chunk_5/99c94dc769b5d96e|2018-07-05--16-30-16/8/video.hevc,37476542,True,True,True,1200,True,1200x3,True,1200x3,True,1200x4,1200,96523.899286,96583.848457,59.949171,20.000277,True,24.290515,27.34646,True,ok,train
Chunk_5,99c94dc769b5d96e|2018-07-05--16-30-16,9,Chunk_5/99c94dc769b5d96e|2018-07-05--16-30-16/9,Chunk_5/99c94dc769b5d96e|2018-07-05--16-30-16/9/video.hevc,37489486,True,True,True,1200,True,1200x3,True,1200x3,True,1200x4,1200,96583.898455,96643.847617,59.949162,20.00028,True,27.699645,28.491772,True,ok,train
Chunk_5,99c94dc769b5d96e|2018-07-05--16-30-16,10,Chunk_5/99c94dc769b5d96e|2018-07-05--16-30-16/10,Chunk_5/99c94dc769b5d96e|2018-07-05--16-30-16/10/video.hevc,37478558,True,True,True,1200,True,1200x3,True,1200x3,True,1200x4,1200,96643.897613,96703.846761,59.949148,20.000284,True,27.027694,28.355992,True,ok,train
Chunk_5,99c94dc769b5d96e|2018-07-05--16-30-16,11,Chunk_5/99c94dc769b5d96e|2018-07-05--16-30-16/11,Chunk_5/99c94dc769b5d96e|2018-07-05--16-30-16/11/video.hevc,37477470,True,True,True,1200,True,1200x3,True,1200x3,True,1200x4,1200,96703.896762,96763.845922,59.94916,20.00028,True,29.652307,30.629941,True,ok,train
Chunk_5,99c94dc769b5d96e|2018-07-05--16-30-16,12,Chunk_5/99c94dc769b5d96e|2018-07-05--16-30-16/12,Chunk_5/99c94dc769b5d96e|2018-07-05--16-30-16/12/video.hevc,37507054,True,True,True,1200,True,1200x3,True,1200x3,True,1200x4,1200,96763.89593,96823.845071,59.949141,20.000287,True,25.893519,30.646066,True,ok,train
Chunk_5,99c94dc769b5d96e|2018-07-05--16-30-16,13,Chunk_5/99c94dc769b5d96e|2018-07-05--16-30-16/13,Chunk_5/99c94dc769b5d96e|2018-07-05--16-30-16/13/video.hevc,37468014,True,True,True,1200,True,1200x3,True,1200x3,True,1200x4,1200,96823.895078,96883.844229,59.949151,20.000283,True,8.537956,18.9955,True,ok,train
Chunk_5,99c94dc769b5d96e|2018-07-05--16-30-16,14,Chunk_5/99c94dc769b5d96e|2018-07-05--16-30-16/14,Chunk_5/99c94dc769b5d96e|2018-07-05--16-30-16/14/video.hevc,37487742,True,True,True,1200,True,1200x3,True,1200x3,True,1200x4,1200,96883.894232,96943.843405,59.949173,20.000276,True,15.134025,21.299876,True,ok,train
Chunk_5,99c94dc769b5d96e|2018-07-05--16-30-16,15,Chunk_5/99c94dc769b5d96e|2018-07-05--16-30-16/15,Chunk_5/99c94dc769b5d96e|2018-07-05--16-30-16/15/video.hevc,37488894,True,True,True,1200,True,1200x3,True,1200x3,True,1200x4,1200,96943.893379,97003.842543,59.949164,20.000279,True,27.839908,30.815466,True,ok,train
Chunk_5,99c94dc769b5d96e|2018-07-05--16-30-16,16,Chunk_5/99c94dc769b5d96e|2018-07-05--16-30-16/16,Chunk_5/99c94dc769b5d96e|2018-07-05--16-30-16/16/video.hevc,37500574,True,True,True,1200,True,1200x3,True,1200x3,True,1200x4,1200,97003.892542,97063.841696,59.949154,20.000282,True,31.062706,33.156192,True,ok,train
Chunk_5,99c94dc769b5d96e|2018-07-05--16-30-16,17,Chunk_5/99c94dc769b5d96e|2018-07-05--16-30-16/17,Chunk_5/99c94dc769b5d96e|2018-07-05--16-30-16/17/video.hevc,37494846,True,True,True,1200,True,1200x3,True,1200x3,True,1200x4,1200,97063.89171,97123.840856,59.949146,20.000285,True,28.655686,30.361114,True,ok,train
Chunk_5,99c94dc769b5d96e|2018-07-05--16-30-16,18,Chunk_5/99c94dc769b5d96e|2018-07-05--16-30-16/18,Chunk_5/99c94dc769b5d96e|2018-07-05--16-30-16/18/video.hevc,37514606,True,True,True,1200,True,1200x3,True,1200x3,True,1200x4,1200,97123.890861,97183.840004,59.949143,20.000286,True,24.973928,29.742389,True,ok,train
Chunk_5,99c94dc769b5d96e|2018-07-05--16-30-16,19,Chunk_5/99c94dc769b5d96e|2018-07-05--16-30-16/19,Chunk_5/99c94dc769b5d96e|2018-07-05--16-30-16/19/video.hevc,37482382,True,True,True,1200,True,1200x3,True,1200x3,True,1200x4,1200,97183.890018,97243.839176,59.949158,20.000281,True,8.761927,19.630342,True,ok,train
Chunk_5,99c94dc769b5d96e|2018-07-05--16-30-16,20,Chunk_5/99c94dc769b5d96e|2018-07-05--16-30-16/20,Chunk_5/99c94dc769b5d96e|2018-07-05--16-30-16/20/video.hevc,37434286,True,True,True,1200,True,1200x3,True,1200x3,True,1200x4,1200,97243.889195,97303.83833,59.949135,20.000289,True,10.227469,17.517726,True,ok,train
Chunk_5,99c94dc769b5d96e|2018-07-05--16-30-16,21,Chunk_5/99c94dc769b5d96e|2018-07-05--16-30-16/21,Chunk_5/99c94dc769b5d96e|2018-07-05--16-30-16/21/video.hevc,37476126,True,True,True,1200,True,1200x3,True,1200x3,True,1200x4,1200,97303.888326,97363.837489,59.949163,20.000279,True,9.009086,17.771844,True,ok,train
Chunk_5,99c94dc769b5d96e|2018-07-05--19-49-34,7,Chunk_5/99c94dc769b5d96e|2018-07-05--19-49-34/7,Chunk_5/99c94dc769b5d96e|2018-07-05--19-49-34/7/video.hevc,37399166,True,True,True,1200,True,1200x3,True,1200x3,True,1200x4,1200,1376.48,1436.429166,59.949166,20.000278,True,9.646938,19.854964,True,ok,test
Chunk_5,99c94dc769b5d96e|2018-07-05--19-49-34,8,Chunk_5/99c94dc769b5d96e|2018-07-05--19-49-34/8,Chunk_5/99c94dc769b5d96e|2018-07-05--19-49-34/8/video.hevc,37463758,True,True,True,1200,True,1200x3,True,1200x3,True,1200x4,1200,1436.479161,1496.42833,59.949169,20.000277,True,7.44935,19.423794,True,ok,test
Chunk_5,99c94dc769b5d96e|2018-07-05--19-49-34,9,Chunk_5/99c94dc769b5d96e|2018-07-05--19-49-34/9,Chunk_5/99c94dc769b5d96e|2018-07-05--19-49-34/9/video.hevc,37502350,True,True,True,1200,True,1200x3,True,1200x3,True,1200x4,1200,1496.47834,1556.427478,59.949138,20.000288,True,1.251654,12.102652,True,ok,test
Chunk_5,99c94dc769b5d96e|2018-07-05--19-49-34,10,Chunk_5/99c94dc769b5d96e|2018-07-05--19-49-34/10,Chunk_5/99c94dc769b5d96e|2018-07-05--19-49-34/10/video.hevc,37491246,True,True,True,1200,True,1200x3,True,1200x3,True,1200x4,1200,1556.477476,1616.426648,59.949172,20.000276,True,24.403654,30.288383,True,ok,test
Chunk_5,99c94dc769b5d96e|2018-07-05--19-49-34,11,Chunk_5/99c94dc769b5d96e|2018-07-05--19-49-34/11,Chunk_5/99c94dc769b5d96e|2018-07-05--19-49-34/11/video.hevc,37473038,True,True,True,1200,True,1200x3,True,1200x3,True,1200x4,1200,1616.476635,1676.425788,59.949153,20.000283,True,30.53451,30.860257,True,ok,test
Chunk_5,99c94dc769b5d96e|2018-07-05--19-49-34,12,Chunk_5/99c94dc769b5d96e|2018-07-05--19-49-34/12,Chunk_5/99c94dc769b5d96e|2018-07-05--19-49-34/12/video.hevc,37479054,True,True,True,1200,True,1200x3,True,1200x3,True,1200x4,1200,1676.47581,1736.424954,59.949144,20.000286,True,30.379512,31.21727,True,ok,test
Chunk_5,99c94dc769b5d96e|2018-07-05--19-49-34,13,Chunk_5/99c94dc769b5d96e|2018-07-05--19-49-34/13,Chunk_5/99c94dc769b5d96e|2018-07-05--19-49-34/13/video.hevc,37469182,True,True,True,1200,True,1200x3,True,1200x3,True,1200x4,1200,1736.474947,1796.424111,59.949164,20.000279,True,30.453154,30.880801,True,ok,test
Chunk_5,99c94dc769b5d96e|2018-07-05--19-49-34,14,Chunk_5/99c94dc769b5d96e|2018-07-05--19-49-34/14,Chunk_5/99c94dc769b5d96e|2018-07-05--19-49-34/14/video.hevc,37473278,True,True,True,1200,True,1200x3,True,1200x3,True,1200x4,1200,1796.474102,1856.423257,59.949155,20.000282,True,27.834556,30.989198,True,ok,test
Chunk_5,99c94dc769b5d96e|2018-07-05--19-49-34,15,Chunk_5/99c94dc769b5d96e|2018-07-05--19-49-34/15,Chunk_5/99c94dc769b5d96e|2018-07-05--19-49-34/15/video.hevc,37402254,True,True,True,1200,True,1200x3,True,1200x3,True,1200x4,1200,1856.473263,1916.422424,59.949161,20.00028,True,3.504442,12.26371,True,ok,test
Chunk_5,99c94dc769b5d96e|2018-07-05--19-49-34,16,Chunk_5/99c94dc769b5d96e|2018-07-05--19-49-34/16,Chunk_5/99c94dc769b5d96e|2018-07-05--19-49-34/16/video.hevc,37485582,True,True,True,1200,True,1200x3,True,1200x3,True,1200x4,1200,1916.472417,1976.421572,59.949155,20.000282,True,11.882949,25.154684,True,ok,test
Chunk_5,99c94dc769b5d96e|2018-07-05--19-49-34,17,Chunk_5/99c94dc769b5d96e|2018-07-05--19-49-34/17,Chunk_5/99c94dc769b5d96e|2018-07-05--19-49-34/17/video.hevc,37496846,True,True,True,1200,True,1200x3,True,1200x3,True,1200x4,1200,1976.471576,2036.420755,59.949179,20.000274,True,25.495164,28.035137,True,ok,test
Chunk_5,99c94dc769b5d96e|2018-07-05--19-49-34,18,Chunk_5/99c94dc769b5d96e|2018-07-05--19-49-34/18,Chunk_5/99c94dc769b5d96e|2018-07-05--19-49-34/18/video.hevc,37475806,True,True,True,1200,True,1200x3,True,1200x3,True,1200x4,1200,2036.470736,2096.419894,59.949158,20.000281,True,28.446713,29.135919,True,ok,test
Chunk_5,99c94dc769b5d96e|2018-07-05--19-49-34,19,Chunk_5/99c94dc769b5d96e|2018-07-05--19-49-34/19,Chunk_5/99c94dc769b5d96e|2018-07-05--19-49-34/19/video.hevc,37486350,True,True,True,1200,True,1200x3,True,1200x3,True,1200x4,1200,2096.469884,2156.419048,59.949164,20.000279,True,28.739949,30.465782,True,ok,test
Chunk_5,99c94dc769b5d96e|2018-07-05--19-49-34,20,Chunk_5/99c94dc769b5d96e|2018-07-05--19-49-34/20,Chunk_5/99c94dc769b5d96e|2018-07-05--19-49-34/20/video.hevc,37469102,True,True,True,1200,True,1200x3,True,1200x3,True,1200x4,1200,2156.469049,2216.418205,59.949156,20.000282,True,28.294093,30.895831,True,ok,test
Chunk_5,99c94dc769b5d96e|2018-07-05--19-49-34,21,Chunk_5/99c94dc769b5d96e|2018-07-05--19-49-34/21,Chunk_5/99c94dc769b5d96e|2018-07-05--19-49-34/21/video.hevc,37529070,True,True,True,1200,True,1200x3,True,1200x3,True,1200x4,1200,2216.468204,2276.417365,59.949161,20.00028,True,20.065582,29.785316,True,ok,test
Chunk_5,99c94dc769b5d96e|2018-07-05--19-49-34,22,Chunk_5/99c94dc769b5d96e|2018-07-05--19-49-34/22,Chunk_5/99c94dc769b5d96e|2018-07-05--19-49-34/22/video.hevc,37423582,True,True,True,1200,True,1200x3,True,1200x3,True,1200x4,1200,2276.467363,2336.416512,59.949149,20.000284,True,8.893206,19.97471,True,ok,test
Chunk_5,99c94dc769b5d96e|2018-07-05--19-49-34,23,Chunk_5/99c94dc769b5d96e|2018-07-05--19-49-34/23,Chunk_5/99c94dc769b5d96e|2018-07-05--19-49-34/23/video.hevc,37511150,True,True,True,1200,True,1200x3,True,1200x3,True,1200x4,1200,2336.466516,2396.415681,59.949165,20.000279,True,9.037012,20.516447,True,ok,test
Chunk_5,99c94dc769b5d96e|2018-07-05--20-49-41,1,Chunk_5/99c94dc769b5d96e|2018-07-05--20-49-41/1,Chunk_5/99c94dc769b5d96e|2018-07-05--20-49-41/1/video.hevc,37522094,True,True,True,1200,True,1200x3,True,1200x3,True,1200x4,1200,1659.847783,1719.796941,59.949158,20.000281,True,11.610313,20.154438,True,ok,train
Chunk_5,99c94dc769b5d96e|2018-07-05--20-49-41,2,Chunk_5/99c94dc769b5d96e|2018-07-05--20-49-41/2,Chunk_5/99c94dc769b5d96e|2018-07-05--20-49-41/2/video.hevc,37504062,True,True,True,1200,True,1200x3,True,1200x3,True,1200x4,1200,1719.846959,1779.796131,59.949172,20.000276,True,3.864204,17.318633,True,ok,train
Chunk_5,99c94dc769b5d96e|2018-07-05--20-49-41,3,Chunk_5/99c94dc769b5d96e|2018-07-05--20-49-41/3,Chunk_5/99c94dc769b5d96e|2018-07-05--20-49-41/3/video.hevc,37506830,True,True,True,1200,True,1200x3,True,1200x3,True,1200x4,1200,1779.846107,1839.795253,59.949146,20.000285,True,0.877513,10.84021,True,ok,train
Chunk_5,99c94dc769b5d96e|2018-07-05--20-49-41,4,Chunk_5/99c94dc769b5d96e|2018-07-05--20-49-41/4,Chunk_5/99c94dc769b5d96e|2018-07-05--20-49-41/4/video.hevc,37533454,True,True,True,1200,True,1200x3,True,1200x3,True,1200x4,1200,1839.845262,1899.794408,59.949146,20.000285,True,24.335225,30.461525,True,ok,train
Chunk_5,99c94dc769b5d96e|2018-07-05--20-49-41,5,Chunk_5/99c94dc769b5d96e|2018-07-05--20-49-41/5,Chunk_5/99c94dc769b5d96e|2018-07-05--20-49-41/5/video.hevc,37473790,True,True,True,1200,True,1200x3,True,1200x3,True,1200x4,1200,1899.844409,1959.79357,59.949161,20.00028,True,30.567724,31.623387,True,ok,train
Chunk_5,99c94dc769b5d96e|2018-07-05--20-49-41,6,Chunk_5/99c94dc769b5d96e|2018-07-05--20-49-41/6,Chunk_5/99c94dc769b5d96e|2018-07-05--20-49-41/6/video.hevc,37493374,True,True,True,1200,True,1200x3,True,1200x3,True,1200x4,1200,1959.843572,2019.792727,59.949155,20.000282,True,29.900062,30.584136,True,ok,train
Chunk_5,99c94dc769b5d96e|2018-07-05--20-49-41,7,Chunk_5/99c94dc769b5d96e|2018-07-05--20-49-41/7,Chunk_5/99c94dc769b5d96e|2018-07-05--20-49-41/7/video.hevc,37568270,True,True,True,1200,True,1200x3,True,1200x3,True,1200x4,1200,2019.842726,2079.79188,59.949154,20.000282,True,27.758421,29.90884,True,ok,train
Chunk_5,99c94dc769b5d96e|2018-07-05--20-49-41,8,Chunk_5/99c94dc769b5d96e|2018-07-05--20-49-41/8,Chunk_5/99c94dc769b5d96e|2018-07-05--20-49-41/8/video.hevc,37438158,True,True,True,1200,True,1200x3,True,1200x3,True,1200x4,1200,2079.841881,2139.791038,59.949157,20.000281,True,30.750071,30.980241,True,ok,train
Chunk_5,99c94dc769b5d96e|2018-07-05--20-49-41,9,Chunk_5/99c94dc769b5d96e|2018-07-05--20-49-41/9,Chunk_5/99c94dc769b5d96e|2018-07-05--20-49-41/9/video.hevc,37433998,True,True,True,1200,True,1200x3,True,1200x3,True,1200x4,1200,2139.841033,2199.790192,59.949159,20.000281,True,30.153448,30.964063,True,ok,train
Chunk_5,99c94dc769b5d96e|2018-07-05--20-49-41,10,Chunk_5/99c94dc769b5d96e|2018-07-05--20-49-41/10,Chunk_5/99c94dc769b5d96e|2018-07-05--20-49-41/10/video.hevc,37604894,True,True,True,1201,True,1201x3,True,1201x3,True,1201x4,1201,2199.840192,2259.839353,59.999161,20.00028,True,30.502511,30.87413,True,ok,train
Chunk_5,99c94dc769b5d96e|2018-07-05--20-49-41,11,Chunk_5/99c94dc769b5d96e|2018-07-05--20-49-41/11,Chunk_5/99c94dc769b5d96e|2018-07-05--20-49-41/11/video.hevc,37436078,True,True,True,1200,True,1200x3,True,1200x3,True,1200x4,1200,2259.88935,2319.838504,59.949154,20.000282,True,29.1821,30.400266,True,ok,train
Chunk_5,99c94dc769b5d96e|2018-07-05--20-49-41,12,Chunk_5/99c94dc769b5d96e|2018-07-05--20-49-41/12,Chunk_5/99c94dc769b5d96e|2018-07-05--20-49-41/12/video.hevc,37462190,True,True,True,1200,True,1200x3,True,1200x3,True,1200x4,1200,2319.888505,2379.837663,59.949158,20.000281,True,30.314126,30.819534,True,ok,train
Chunk_5,99c94dc769b5d96e|2018-07-05--20-49-41,13,Chunk_5/99c94dc769b5d96e|2018-07-05--20-49-41/13,Chunk_5/99c94dc769b5d96e|2018-07-05--20-49-41/13/video.hevc,37465214,True,True,True,1200,True,1200x3,True,1200x3,True,1200x4,1200,2379.887663,2439.836842,59.949179,20.000274,True,30.606134,30.894256,True,ok,train
Chunk_5,99c94dc769b5d96e|2018-07-05--20-49-41,20,Chunk_5/99c94dc769b5d96e|2018-07-05--20-49-41/20,Chunk_5/99c94dc769b5d96e|2018-07-05--20-49-41/20/video.hevc,37447406,True,True,True,1200,True,1200x3,True,1200x3,True,1200x4,1200,2799.881764,2859.830927,59.949163,20.000279,True,30.618517,30.882051,True,ok,train
Chunk_5,99c94dc769b5d96e|2018-07-05--20-49-41,21,Chunk_5/99c94dc769b5d96e|2018-07-05--20-49-41/21,Chunk_5/99c94dc769b5d96e|2018-07-05--20-49-41/21/video.hevc,37494654,True,True,True,1200,True,1200x3,True,1200x3,True,1200x4,1200,2859.880936,2919.830085,59.949149,20.000284,True,30.778287,30.979376,True,ok,train
Chunk_5,99c94dc769b5d96e|2018-07-05--20-49-41,22,Chunk_5/99c94dc769b5d96e|2018-07-05--20-49-41/22,Chunk_5/99c94dc769b5d96e|2018-07-05--20-49-41/22/video.hevc,37405822,True,True,True,1200,True,1200x3,True,1200x3,True,1200x4,1200,2919.88009,2979.829247,59.949157,20.000281,True,30.503544,30.959497,True,ok,train
Chunk_5,99c94dc769b5d96e|2018-07-05--20-49-41,23,Chunk_5/99c94dc769b5d96e|2018-07-05--20-49-41/23,Chunk_5/99c94dc769b5d96e|2018-07-05--20-49-41/23/video.hevc,37550750,True,True,True,1200,True,1200x3,True,1200x3,True,1200x4,1200,2979.879234,3039.828404,59.94917,20.000277,True,29.369017,30.833953,True,ok,train
Chunk_5,99c94dc769b5d96e|2018-07-05--20-49-41,24,Chunk_5/99c94dc769b5d96e|2018-07-05--20-49-41/24,Chunk_5/99c94dc769b5d96e|2018-07-05--20-49-41/24/video.hevc,37505966,True,True,True,1200,True,1200x3,True,1200x3,True,1200x4,1200,3039.878386,3099.827552,59.949166,20.000278,True,29.261935,30.79606,True,ok,train
Chunk_5,99c94dc769b5d96e|2018-07-05--20-49-41,25,Chunk_5/99c94dc769b5d96e|2018-07-05--20-49-41/25,Chunk_5/99c94dc769b5d96e|2018-07-05--20-49-41/25/video.hevc,37464382,True,True,True,1200,True,1200x3,True,1200x3,True,1200x4,1200,3099.877619,3159.826707,59.949088,20.000304,True,28.435871,30.154719,True,ok,train
Chunk_5,99c94dc769b5d96e|2018-07-05--20-49-41,26,Chunk_5/99c94dc769b5d96e|2018-07-05--20-49-41/26,Chunk_5/99c94dc769b5d96e|2018-07-05--20-49-41/26/video.hevc,37489406,True,True,True,1200,True,1200x3,True,1200x3,True,1200x4,1200,3159.876713,3219.825872,59.949159,20.000281,True,27.6568,29.098134,True,ok,train
Chunk_5,99c94dc769b5d96e|2018-07-05--20-49-41,27,Chunk_5/99c94dc769b5d96e|2018-07-05--20-49-41/27,Chunk_5/99c94dc769b5d96e|2018-07-05--20-49-41/27/video.hevc,37445550,True,True,True,1200,True,1200x3,True,1200x3,True,1200x4,1200,3219.875864,3279.825021,59.949157,20.000281,True,29.647597,30.947532,True,ok,train
Chunk_5,99c94dc769b5d96e|2018-07-05--20-49-41,28,Chunk_5/99c94dc769b5d96e|2018-07-05--20-49-41/28,Chunk_5/99c94dc769b5d96e|2018-07-05--20-49-41/28/video.hevc,37487918,True,True,True,1200,True,1200x3,True,1200x3,True,1200x4,1200,3279.875021,3339.824179,59.949158,20.000281,True,27.706648,30.31087,True,ok,train
Chunk_5,99c94dc769b5d96e|2018-07-05--20-49-41,29,Chunk_5/99c94dc769b5d96e|2018-07-05--20-49-41/29,Chunk_5/99c94dc769b5d96e|2018-07-05--20-49-41/29/video.hevc,37464510,True,True,True,1200,True,1200x3,True,1200x3,True,1200x4,1200,3339.87418,3399.823332,59.949152,20.000283,True,18.141342,25.528396,True,ok,train
Chunk_5,99c94dc769b5d96e|2018-07-05--20-49-41,30,Chunk_5/99c94dc769b5d96e|2018-07-05--20-49-41/30,Chunk_5/99c94dc769b5d96e|2018-07-05--20-49-41/30/video.hevc,37407454,True,True,True,1200,True,1200x3,True,1200x3,True,1200x4,1200,3399.873335,3459.822495,59.94916,20.00028,True,0.645752,7.324865,True,ok,train
Chunk_5,99c94dc769b5d96e|2018-07-05--20-49-41,31,Chunk_5/99c94dc769b5d96e|2018-07-05--20-49-41/31,Chunk_5/99c94dc769b5d96e|2018-07-05--20-49-41/31/video.hevc,37412030,True,True,True,1200,True,1200x3,True,1200x3,True,1200x4,1200,3459.872496,3519.821654,59.949158,20.000281,True,14.023854,19.997712,True,ok,train
Chunk_5,99c94dc769b5d96e|2018-07-06--01-15-15,23,Chunk_5/99c94dc769b5d96e|2018-07-06--01-15-15/23,Chunk_5/99c94dc769b5d96e|2018-07-06--01-15-15/23/video.hevc,37493150,True,True,True,1200,True,1200x3,True,1200x3,True,1200x4,1200,18914.073579,18974.022739,59.94916,20.00028,True,17.389925,22.147894,True,ok,test
Chunk_5,99c94dc769b5d96e|2018-07-06--01-15-15,24,Chunk_5/99c94dc769b5d96e|2018-07-06--01-15-15/24,Chunk_5/99c94dc769b5d96e|2018-07-06--01-15-15/24/video.hevc,37521534,True,True,True,1200,True,1200x3,True,1200x3,True,1200x4,1200,18974.072733,19034.021894,59.949161,20.00028,True,15.137247,22.083489,True,ok,test
Chunk_5,99c94dc769b5d96e|2018-07-06--01-15-15,25,Chunk_5/99c94dc769b5d96e|2018-07-06--01-15-15/25,Chunk_5/99c94dc769b5d96e|2018-07-06--01-15-15/25/video.hevc,37474622,True,True,True,1200,True,1200x3,True,1200x3,True,1200x4,1200,19034.071895,19094.021048,59.949153,20.000283,True,3.286889,21.161756,True,ok,test
Chunk_5,99c94dc769b5d96e|2018-07-06--01-15-15,26,Chunk_5/99c94dc769b5d96e|2018-07-06--01-15-15/26,Chunk_5/99c94dc769b5d96e|2018-07-06--01-15-15/26/video.hevc,37442334,True,True,True,1200,True,1200x3,True,1200x3,True,1200x4,1200,19094.071049,19154.020201,59.949152,20.000283,True,26.654685,30.776368,True,ok,test
Chunk_5,99c94dc769b5d96e|2018-07-06--01-15-15,27,Chunk_5/99c94dc769b5d96e|2018-07-06--01-15-15/27,Chunk_5/99c94dc769b5d96e|2018-07-06--01-15-15/27/video.hevc,37383118,True,True,True,1200,True,1200x3,True,1200x3,True,1200x4,1200,19154.070203,19214.019361,59.949158,20.000281,True,31.127082,32.67157,True,ok,test
Chunk_5,99c94dc769b5d96e|2018-07-06--01-15-15,28,Chunk_5/99c94dc769b5d96e|2018-07-06--01-15-15/28,Chunk_5/99c94dc769b5d96e|2018-07-06--01-15-15/28/video.hevc,37380126,True,True,True,1200,True,1200x3,True,1200x3,True,1200x4,1200,19214.069368,19274.018536,59.949168,20.000278,True,32.646767,33.081373,True,ok,test
Chunk_5,99c94dc769b5d96e|2018-07-06--01-15-15,29,Chunk_5/99c94dc769b5d96e|2018-07-06--01-15-15/29,Chunk_5/99c94dc769b5d96e|2018-07-06--01-15-15/29/video.hevc,37439454,True,True,True,1201,True,1201x3,True,1201x3,True,1201x4,1201,19274.068517,19334.067675,59.999158,20.000281,True,32.764228,33.076479,True,ok,test
Chunk_5,99c94dc769b5d96e|2018-07-06--01-15-15,30,Chunk_5/99c94dc769b5d96e|2018-07-06--01-15-15/30,Chunk_5/99c94dc769b5d96e|2018-07-06--01-15-15/30/video.hevc,37359230,True,True,True,1199,True,1199x3,True,1199x3,True,1199x4,1199,19334.117684,19394.016851,59.899167,20.000278,True,32.376284,33.068288,True,ok,test
Chunk_5,99c94dc769b5d96e|2018-07-06--01-15-15,31,Chunk_5/99c94dc769b5d96e|2018-07-06--01-15-15/31,Chunk_5/99c94dc769b5d96e|2018-07-06--01-15-15/31/video.hevc,37406990,True,True,True,1200,True,1200x3,True,1200x3,True,1200x4,1200,19394.066845,19454.016021,59.949176,20.000275,True,32.700991,33.085169,True,ok,test
Chunk_5,99c94dc769b5d96e|2018-07-06--01-15-15,32,Chunk_5/99c94dc769b5d96e|2018-07-06--01-15-15/32,Chunk_5/99c94dc769b5d96e|2018-07-06--01-15-15/32/video.hevc,37409982,True,True,True,1199,True,1199x3,True,1199x3,True,1199x4,1199,19454.065984,19514.015159,59.949175,19.983594,True,32.62852,33.120939,True,ok,test
Chunk_5,99c94dc769b5d96e|2018-07-06--01-15-15,33,Chunk_5/99c94dc769b5d96e|2018-07-06--01-15-15/33,Chunk_5/99c94dc769b5d96e|2018-07-06--01-15-15/33/video.hevc,37415118,True,True,True,1200,True,1200x3,True,1200x3,True,1200x4,1200,19514.065158,19574.014302,59.949144,20.000286,True,32.814008,33.040057,True,ok,test
Chunk_5,99c94dc769b5d96e|2018-07-06--01-15-15,34,Chunk_5/99c94dc769b5d96e|2018-07-06--01-15-15/34,Chunk_5/99c94dc769b5d96e|2018-07-06--01-15-15/34/video.hevc,37501918,True,True,True,1200,True,1200x3,True,1200x3,True,1200x4,1200,19574.06433,19634.013461,59.949131,20.00029,True,32.743652,33.120019,True,ok,test
Chunk_5,99c94dc769b5d96e|2018-07-06--09-43-54,28,Chunk_5/99c94dc769b5d96e|2018-07-06--09-43-54/28,Chunk_5/99c94dc769b5d96e|2018-07-06--09-43-54/28/video.hevc,37480414,True,True,True,1198,True,1198x3,True,1198x3,True,1198x4,1198,49732.867998,49792.817152,59.949154,19.966921,True,31.610932,33.453571,True,ok,validation
Chunk_5,99c94dc769b5d96e|2018-07-06--09-43-54,29,Chunk_5/99c94dc769b5d96e|2018-07-06--09-43-54/29,Chunk_5/99c94dc769b5d96e|2018-07-06--09-43-54/29/video.hevc,37459630,True,True,True,1198,True,1198x3,True,1198x3,True,1198x4,1198,49792.867149,49852.81632,59.949171,19.966915,True,32.098079,33.464335,True,ok,validation
Chunk_5,99c94dc769b5d96e|2018-07-06--09-43-54,30,Chunk_5/99c94dc769b5d96e|2018-07-06--09-43-54/30,Chunk_5/99c94dc769b5d96e|2018-07-06--09-43-54/30/video.hevc,37483166,True,True,True,1199,True,1199x3,True,1199x3,True,1199x4,1199,49852.866305,49912.815461,59.949156,19.983601,True,30.630838,32.351985,True,ok,validation
Chunk_5,99c94dc769b5d96e|2018-07-06--09-43-54,31,Chunk_5/99c94dc769b5d96e|2018-07-06--09-43-54/31,Chunk_5/99c94dc769b5d96e|2018-07-06--09-43-54/31/video.hevc,37504318,True,True,True,1198,True,1198x3,True,1198x3,True,1198x4,1198,49912.865493,49972.814621,59.949128,19.966929,True,29.399961,30.456851,True,ok,validation
Chunk_5,99c94dc769b5d96e|2018-07-06--09-43-54,32,Chunk_5/99c94dc769b5d96e|2018-07-06--09-43-54/32,Chunk_5/99c94dc769b5d96e|2018-07-06--09-43-54/32/video.hevc,37518078,True,True,True,1199,True,1199x3,True,1199x3,True,1199x4,1199,49972.86462,50032.813782,59.949162,19.983599,True,27.810605,29.122702,True,ok,validation
Chunk_5,99c94dc769b5d96e|2018-07-06--09-43-54,33,Chunk_5/99c94dc769b5d96e|2018-07-06--09-43-54/33,Chunk_5/99c94dc769b5d96e|2018-07-06--09-43-54/33/video.hevc,37470526,True,True,True,1199,True,1199x3,True,1199x3,True,1199x4,1199,50032.863833,50092.812937,59.949104,19.983618,True,27.821068,29.660434,True,ok,validation
Chunk_5,99c94dc769b5d96e|2018-07-06--09-43-54,34,Chunk_5/99c94dc769b5d96e|2018-07-06--09-43-54/34,Chunk_5/99c94dc769b5d96e|2018-07-06--09-43-54/34/video.hevc,37477726,True,True,True,1199,True,1199x3,True,1199x3,True,1199x4,1199,50092.862939,50152.812087,59.949148,19.983603,True,28.229962,31.654001,True,ok,validation
Chunk_5,99c94dc769b5d96e|2018-07-06--09-43-54,35,Chunk_5/99c94dc769b5d96e|2018-07-06--09-43-54/35,Chunk_5/99c94dc769b5d96e|2018-07-06--09-43-54/35/video.hevc,37486462,True,True,True,1200,True,1200x3,True,1200x3,True,1200x4,1200,50152.862087,50212.811377,59.94929,20.000237,True,26.941428,31.582697,True,ok,validation
Chunk_5,99c94dc769b5d96e|2018-07-06--09-43-54,36,Chunk_5/99c94dc769b5d96e|2018-07-06--09-43-54/36,Chunk_5/99c94dc769b5d96e|2018-07-06--09-43-54/36/video.hevc,37498942,True,True,True,1200,True,1200x3,True,1200x3,True,1200x4,1200,50212.861249,50272.8104,59.949151,20.000283,True,30.114054,32.671594,True,ok,validation
Chunk_5,99c94dc769b5d96e|2018-07-06--09-43-54,37,Chunk_5/99c94dc769b5d96e|2018-07-06--09-43-54/37,Chunk_5/99c94dc769b5d96e|2018-07-06--09-43-54/37/video.hevc,37549646,True,True,True,1195,True,1195x3,True,1195x3,True,1195x4,1195,50272.860407,50332.809578,59.949171,19.916873,True,21.852218,28.749457,True,ok,validation
Chunk_5,99c94dc769b5d96e|2018-07-06--09-43-54,38,Chunk_5/99c94dc769b5d96e|2018-07-06--09-43-54/38,Chunk_5/99c94dc769b5d96e|2018-07-06--09-43-54/38/video.hevc,37432382,True,True,True,1199,True,1199x3,True,1199x3,True,1199x4,1199,50332.859565,50392.808746,59.949181,19.983592,True,3.632612,11.99343,True,ok,validation
Chunk_5,99c94dc769b5d96e|2018-07-06--09-43-54,39,Chunk_5/99c94dc769b5d96e|2018-07-06--09-43-54/39,Chunk_5/99c94dc769b5d96e|2018-07-06--09-43-54/39/video.hevc,37509246,True,True,True,1200,True,1200x3,True,1200x3,True,1200x4,1200,50392.858799,50452.807876,59.949077,20.000308,True,6.186816,19.099728,True,ok,validation
Chunk_5,99c94dc769b5d96e|2018-07-06--09-43-54,40,Chunk_5/99c94dc769b5d96e|2018-07-06--09-43-54/40,Chunk_5/99c94dc769b5d96e|2018-07-06--09-43-54/40/video.hevc,37478958,True,True,True,1200,True,1200x3,True,1200x3,True,1200x4,1200,50452.857892,50512.807029,59.949137,20.000288,True,8.234174,21.270242,True,ok,validation
Chunk_5,99c94dc769b5d96e|2018-07-06--11-17-49,4,Chunk_5/99c94dc769b5d96e|2018-07-06--11-17-49/4,Chunk_5/99c94dc769b5d96e|2018-07-06--11-17-49/4/video.hevc,37467678,True,True,True,1198,True,1198x3,True,1198x3,True,1198x4,1198,53928.138534,53988.087692,59.949158,19.966919,True,15.381503,18.381397,True,ok,train
Chunk_5,99c94dc769b5d96e|2018-07-06--11-17-49,5,Chunk_5/99c94dc769b5d96e|2018-07-06--11-17-49/5,Chunk_5/99c94dc769b5d96e|2018-07-06--11-17-49/5/video.hevc,37435550,True,True,True,1199,True,1199x3,True,1199x3,True,1199x4,1199,53988.137687,54048.08685,59.949163,19.983598,True,9.651878,17.505761,True,ok,train
Chunk_5,99c94dc769b5d96e|2018-07-06--11-17-49,6,Chunk_5/99c94dc769b5d96e|2018-07-06--11-17-49/6,Chunk_5/99c94dc769b5d96e|2018-07-06--11-17-49/6/video.hevc,37494334,True,True,True,1199,True,1199x3,True,1199x3,True,1199x4,1199,54048.136851,54108.086001,59.94915,19.983603,True,15.480274,23.111936,True,ok,train
Chunk_5,99c94dc769b5d96e|2018-07-06--11-17-49,7,Chunk_5/99c94dc769b5d96e|2018-07-06--11-17-49/7,Chunk_5/99c94dc769b5d96e|2018-07-06--11-17-49/7/video.hevc,37441854,True,True,True,1200,True,1200x3,True,1200x3,True,1200x4,1200,54108.136005,54168.085163,59.949158,20.000281,True,22.439822,24.982774,True,ok,train
Chunk_5,99c94dc769b5d96e|2018-07-06--11-17-49,8,Chunk_5/99c94dc769b5d96e|2018-07-06--11-17-49/8,Chunk_5/99c94dc769b5d96e|2018-07-06--11-17-49/8/video.hevc,37436318,True,True,True,1200,True,1200x3,True,1200x3,True,1200x4,1200,54168.135163,54228.084315,59.949152,20.000283,True,27.560909,30.722485,True,ok,train
Chunk_5,99c94dc769b5d96e|2018-07-06--11-17-49,9,Chunk_5/99c94dc769b5d96e|2018-07-06--11-17-49/9,Chunk_5/99c94dc769b5d96e|2018-07-06--11-17-49/9/video.hevc,37489790,True,True,True,1200,True,1200x3,True,1200x3,True,1200x4,1200,54228.134317,54288.083476,59.949159,20.000281,True,28.614501,30.790278,True,ok,train
Chunk_5,99c94dc769b5d96e|2018-07-06--11-17-49,10,Chunk_5/99c94dc769b5d96e|2018-07-06--11-17-49/10,Chunk_5/99c94dc769b5d96e|2018-07-06--11-17-49/10/video.hevc,37456494,True,True,True,1200,True,1200x3,True,1200x3,True,1200x4,1200,54288.133473,54348.082638,59.949165,20.000279,True,30.530623,30.870484,True,ok,train
Chunk_5,99c94dc769b5d96e|2018-07-06--11-17-49,11,Chunk_5/99c94dc769b5d96e|2018-07-06--11-17-49/11,Chunk_5/99c94dc769b5d96e|2018-07-06--11-17-49/11/video.hevc,37463710,True,True,True,1200,True,1200x3,True,1200x3,True,1200x4,1200,54348.132628,54408.081788,59.94916,20.00028,True,30.733199,33.799623,True,ok,train
Chunk_5,99c94dc769b5d96e|2018-07-06--11-17-49,12,Chunk_5/99c94dc769b5d96e|2018-07-06--11-17-49/12,Chunk_5/99c94dc769b5d96e|2018-07-06--11-17-49/12/video.hevc,37476606,True,True,True,1200,True,1200x3,True,1200x3,True,1200x4,1200,54408.13179,54468.080958,59.949168,20.000278,True,25.630363,30.615558,True,ok,train
Chunk_5,99c94dc769b5d96e|2018-07-06--11-17-49,13,Chunk_5/99c94dc769b5d96e|2018-07-06--11-17-49/13,Chunk_5/99c94dc769b5d96e|2018-07-06--11-17-49/13/video.hevc,37466926,True,True,True,1200,True,1200x3,True,1200x3,True,1200x4,1200,54468.13094,54528.080099,59.949159,20.000281,True,15.421388,25.651519,True,ok,train
Chunk_5,99c94dc769b5d96e|2018-07-06--11-17-49,14,Chunk_5/99c94dc769b5d96e|2018-07-06--11-17-49/14,Chunk_5/99c94dc769b5d96e|2018-07-06--11-17-49/14/video.hevc,37515294,True,True,True,1200,True,1200x3,True,1200x3,True,1200x4,1200,54528.130101,54588.079262,59.949161,20.00028,True,1.654972,10.330316,True,ok,train
Chunk_5,99c94dc769b5d96e|2018-07-06--11-17-49,15,Chunk_5/99c94dc769b5d96e|2018-07-06--11-17-49/15,Chunk_5/99c94dc769b5d96e|2018-07-06--11-17-49/15/video.hevc,37479838,True,True,True,1200,True,1200x3,True,1200x3,True,1200x4,1200,54588.129252,54648.078414,59.949162,20.00028,True,15.731801,26.479851,True,ok,train
Chunk_5,99c94dc769b5d96e|2018-07-06--11-17-49,16,Chunk_5/99c94dc769b5d96e|2018-07-06--11-17-49/16,Chunk_5/99c94dc769b5d96e|2018-07-06--11-17-49/16/video.hevc,37529870,True,True,True,1201,True,1201x3,True,1201x3,True,1201x4,1201,54648.128414,54708.127566,59.999152,20.000283,True,30.297318,32.382012,True,ok,train
Chunk_5,99c94dc769b5d96e|2018-07-06--11-17-49,17,Chunk_5/99c94dc769b5d96e|2018-07-06--11-17-49/17,Chunk_5/99c94dc769b5d96e|2018-07-06--11-17-49/17/video.hevc,37485182,True,True,True,1200,True,1200x3,True,1200x3,True,1200x4,1200,54708.177572,54768.126721,59.949149,20.000284,True,30.040468,31.323095,True,ok,train
Chunk_5,99c94dc769b5d96e|2018-07-06--11-17-49,18,Chunk_5/99c94dc769b5d96e|2018-07-06--11-17-49/18,Chunk_5/99c94dc769b5d96e|2018-07-06--11-17-49/18/video.hevc,37453742,True,True,True,1199,True,1199x3,True,1199x3,True,1199x4,1199,54768.176724,54828.07588,59.899156,20.000282,True,28.023788,31.474397,True,ok,train
Chunk_5,99c94dc769b5d96e|2018-07-06--11-17-49,19,Chunk_5/99c94dc769b5d96e|2018-07-06--11-17-49/19,Chunk_5/99c94dc769b5d96e|2018-07-06--11-17-49/19/video.hevc,37441070,True,True,True,1200,True,1200x3,True,1200x3,True,1200x4,1200,54828.125884,54888.075041,59.949157,20.000281,True,29.767246,31.561191,True,ok,train
Chunk_5,99c94dc769b5d96e|2018-07-06--11-17-49,20,Chunk_5/99c94dc769b5d96e|2018-07-06--11-17-49/20,Chunk_5/99c94dc769b5d96e|2018-07-06--11-17-49/20/video.hevc,37510254,True,True,True,1200,True,1200x3,True,1200x3,True,1200x4,1200,54888.125043,54948.0742,59.949157,20.000281,True,31.705714,32.648956,True,ok,train
Chunk_5,99c94dc769b5d96e|2018-07-06--11-17-49,21,Chunk_5/99c94dc769b5d96e|2018-07-06--11-17-49/21,Chunk_5/99c94dc769b5d96e|2018-07-06--11-17-49/21/video.hevc,37514782,True,True,True,1200,True,1200x3,True,1200x3,True,1200x4,1200,54948.124194,55008.073374,59.94918,20.000274,True,26.002846,32.879858,True,ok,train
Chunk_5,99c94dc769b5d96e|2018-07-06--11-17-49,22,Chunk_5/99c94dc769b5d96e|2018-07-06--11-17-49/22,Chunk_5/99c94dc769b5d96e|2018-07-06--11-17-49/22/video.hevc,37485486,True,True,True,1200,True,1200x3,True,1200x3,True,1200x4,1200,55008.12335,55068.072525,59.949175,20.000275,True,8.0552,16.956955,True,ok,train
Chunk_5,99c94dc769b5d96e|2018-07-06--11-17-49,23,Chunk_5/99c94dc769b5d96e|2018-07-06--11-17-49/23,Chunk_5/99c94dc769b5d96e|2018-07-06--11-17-49/23/video.hevc,37530142,True,True,True,1201,True,1201x3,True,1201x3,True,1201x4,1201,55068.122549,55128.121666,59.999117,20.000294,True,7.146299,16.271265,True,ok,train
Chunk_5,99c94dc769b5d96e|2018-07-06--12-32-39,9,Chunk_5/99c94dc769b5d96e|2018-07-06--12-32-39/9,Chunk_5/99c94dc769b5d96e|2018-07-06--12-32-39/9/video.hevc,37480622,True,True,True,1200,True,1200x3,True,1200x3,True,1200x4,1200,58717.987669,58777.936784,59.949115,20.000295,True,14.078195,20.737034,True,ok,train
Chunk_5,99c94dc769b5d96e|2018-07-06--12-32-39,10,Chunk_5/99c94dc769b5d96e|2018-07-06--12-32-39/10,Chunk_5/99c94dc769b5d96e|2018-07-06--12-32-39/10/video.hevc,37460478,True,True,True,1200,True,1200x3,True,1200x3,True,1200x4,1200,58777.986782,58837.93594,59.949158,20.000281,True,10.942154,18.339872,True,ok,train
Chunk_5,99c94dc769b5d96e|2018-07-06--12-32-39,11,Chunk_5/99c94dc769b5d96e|2018-07-06--12-32-39/11,Chunk_5/99c94dc769b5d96e|2018-07-06--12-32-39/11/video.hevc,37453678,True,True,True,1200,True,1200x3,True,1200x3,True,1200x4,1200,58837.985946,58897.935094,59.949148,20.000284,True,9.971886,20.368917,True,ok,train
Chunk_5,99c94dc769b5d96e|2018-07-06--12-32-39,12,Chunk_5/99c94dc769b5d96e|2018-07-06--12-32-39/12,Chunk_5/99c94dc769b5d96e|2018-07-06--12-32-39/12/video.hevc,37477822,True,True,True,1199,True,1199x3,True,1199x3,True,1199x4,1199,58897.985112,58957.934344,59.949232,19.983575,True,25.539325,30.958088,True,ok,train
Chunk_5,99c94dc769b5d96e|2018-07-06--12-32-39,13,Chunk_5/99c94dc769b5d96e|2018-07-06--12-32-39/13,Chunk_5/99c94dc769b5d96e|2018-07-06--12-32-39/13/video.hevc,37476990,True,True,True,1200,True,1200x3,True,1200x3,True,1200x4,1200,58957.984266,59017.933412,59.949146,20.000285,True,29.463446,30.80487,True,ok,train
Chunk_5,99c94dc769b5d96e|2018-07-06--12-32-39,14,Chunk_5/99c94dc769b5d96e|2018-07-06--12-32-39/14,Chunk_5/99c94dc769b5d96e|2018-07-06--12-32-39/14/video.hevc,37495182,True,True,True,1200,True,1200x3,True,1200x3,True,1200x4,1200,59017.983412,59077.93258,59.949168,20.000278,True,30.535957,30.929838,True,ok,train
Chunk_5,99c94dc769b5d96e|2018-07-06--12-32-39,15,Chunk_5/99c94dc769b5d96e|2018-07-06--12-32-39/15,Chunk_5/99c94dc769b5d96e|2018-07-06--12-32-39/15/video.hevc,37508430,True,True,True,1200,True,1200x3,True,1200x3,True,1200x4,1200,59077.982564,59137.931742,59.949178,20.000274,True,28.339463,30.861292,True,ok,train
Chunk_5,99c94dc769b5d96e|2018-07-06--12-32-39,16,Chunk_5/99c94dc769b5d96e|2018-07-06--12-32-39/16,Chunk_5/99c94dc769b5d96e|2018-07-06--12-32-39/16/video.hevc,37497854,True,True,True,1199,True,1199x3,True,1199x3,True,1199x4,1199,59137.981726,59197.930889,59.949163,19.983598,True,30.686949,31.058666,True,ok,train
Chunk_5,99c94dc769b5d96e|2018-07-06--12-32-39,17,Chunk_5/99c94dc769b5d96e|2018-07-06--12-32-39/17,Chunk_5/99c94dc769b5d96e|2018-07-06--12-32-39/17/video.hevc,37503454,True,True,True,1200,True,1200x3,True,1200x3,True,1200x4,1200,59197.980897,59257.930057,59.94916,20.00028,True,30.581418,30.942546,True,ok,train
Chunk_5,99c94dc769b5d96e|2018-07-06--12-32-39,18,Chunk_5/99c94dc769b5d96e|2018-07-06--12-32-39/18,Chunk_5/99c94dc769b5d96e|2018-07-06--12-32-39/18/video.hevc,37546606,True,True,True,1201,True,1201x3,True,1201x3,True,1201x4,1201,59257.980039,59317.979192,59.999153,20.000282,True,28.034735,32.216666,True,ok,train
Chunk_5,99c94dc769b5d96e|2018-07-06--12-32-39,19,Chunk_5/99c94dc769b5d96e|2018-07-06--12-32-39/19,Chunk_5/99c94dc769b5d96e|2018-07-06--12-32-39/19/video.hevc,37499694,True,True,True,1199,True,1199x3,True,1199x3,True,1199x4,1199,59318.029191,59377.92834,59.899149,20.000284,True,7.393903,19.324368,True,ok,train
Chunk_5,99c94dc769b5d96e|2018-07-06--12-32-39,21,Chunk_5/99c94dc769b5d96e|2018-07-06--12-32-39/21,Chunk_5/99c94dc769b5d96e|2018-07-06--12-32-39/21/video.hevc,37455630,True,True,True,1199,True,1199x3,True,1199x3,True,1199x4,1199,59437.977511,59497.926699,59.949188,19.98359,True,31.860698,32.298347,True,ok,train
Chunk_5,99c94dc769b5d96e|2018-07-06--12-32-39,22,Chunk_5/99c94dc769b5d96e|2018-07-06--12-32-39/22,Chunk_5/99c94dc769b5d96e|2018-07-06--12-32-39/22/video.hevc,37470846,True,True,True,1200,True,1200x3,True,1200x3,True,1200x4,1200,59497.976671,59557.925833,59.949162,20.00028,True,31.428503,32.261359,True,ok,train
Chunk_5,99c94dc769b5d96e|2018-07-06--12-32-39,23,Chunk_5/99c94dc769b5d96e|2018-07-06--12-32-39/23,Chunk_5/99c94dc769b5d96e|2018-07-06--12-32-39/23/video.hevc,37490654,True,True,True,1200,True,1200x3,True,1200x3,True,1200x4,1200,59557.975824,59617.924978,59.949154,20.000282,True,30.953141,32.330476,True,ok,train
Chunk_5,99c94dc769b5d96e|2018-07-06--12-32-39,24,Chunk_5/99c94dc769b5d96e|2018-07-06--12-32-39/24,Chunk_5/99c94dc769b5d96e|2018-07-06--12-32-39/24/video.hevc,37497502,True,True,True,1200,True,1200x3,True,1200x3,True,1200x4,1200,59617.975049,59677.924135,59.949086,20.000305,True,31.188527,32.352614,True,ok,train
Chunk_5,99c94dc769b5d96e|2018-07-06--12-32-39,25,Chunk_5/99c94dc769b5d96e|2018-07-06--12-32-39/25,Chunk_5/99c94dc769b5d96e|2018-07-06--12-32-39/25/video.hevc,37481518,True,True,True,1200,True,1200x3,True,1200x3,True,1200x4,1200,59677.974137,59737.923293,59.949156,20.000282,True,31.033046,32.370795,True,ok,train
Chunk_5,99c94dc769b5d96e|2018-07-06--12-32-39,26,Chunk_5/99c94dc769b5d96e|2018-07-06--12-32-39/26,Chunk_5/99c94dc769b5d96e|2018-07-06--12-32-39/26/video.hevc,37507678,True,True,True,1200,True,1200x3,True,1200x3,True,1200x4,1200,59737.973312,59797.922456,59.949144,20.000286,True,28.521096,32.114597,True,ok,train
Chunk_5,99c94dc769b5d96e|2018-07-06--12-32-39,27,Chunk_5/99c94dc769b5d96e|2018-07-06--12-32-39/27,Chunk_5/99c94dc769b5d96e|2018-07-06--12-32-39/27/video.hevc,37518910,True,True,True,1201,True,1201x3,True,1201x3,True,1201x4,1201,59797.972463,59857.971627,59.999164,20.000279,True,11.715796,19.531168,True,ok,train
Chunk_5,99c94dc769b5d96e|2018-07-06--12-32-39,28,Chunk_5/99c94dc769b5d96e|2018-07-06--12-32-39/28,Chunk_5/99c94dc769b5d96e|2018-07-06--12-32-39/28/video.hevc,37486126,True,True,True,1198,True,1198x3,True,1198x3,True,1198x4,1198,59858.02161,59917.970783,59.949173,19.966914,True,10.648025,16.552353,True,ok,train
Chunk_5,99c94dc769b5d96e|2018-07-06--12-32-39,29,Chunk_5/99c94dc769b5d96e|2018-07-06--12-32-39/29,Chunk_5/99c94dc769b5d96e|2018-07-06--12-32-39/29/video.hevc,37448830,True,True,True,1199,True,1199x3,True,1199x3,True,1199x4,1199,59918.020762,59977.919946,59.899184,20.000272,True,16.11401,17.598118,True,ok,train
Chunk_5,99c94dc769b5d96e|2018-07-06--18-18-36,5,Chunk_5/99c94dc769b5d96e|2018-07-06--18-18-36/5,Chunk_5/99c94dc769b5d96e|2018-07-06--18-18-36/5/video.hevc,37406014,True,True,True,1197,True,1197x3,True,1197x3,True,1197x4,1197,79234.891536,79294.840696,59.94916,19.950238,True,15.694966,22.338046,True,ok,train
Chunk_5,99c94dc769b5d96e|2018-07-06--18-18-36,6,Chunk_5/99c94dc769b5d96e|2018-07-06--18-18-36/6,Chunk_5/99c94dc769b5d96e|2018-07-06--18-18-36/6/video.hevc,37440734,True,True,True,1199,True,1199x3,True,1199x3,True,1199x4,1199,79294.890712,79354.839861,59.949149,19.983603,True,7.731041,16.536803,True,ok,train
Chunk_5,99c94dc769b5d96e|2018-07-06--18-18-36,7,Chunk_5/99c94dc769b5d96e|2018-07-06--18-18-36/7,Chunk_5/99c94dc769b5d96e|2018-07-06--18-18-36/7/video.hevc,37468542,True,True,True,1200,True,1200x3,True,1200x3,True,1200x4,1200,79354.889862,79414.839016,59.949154,20.000282,True,6.101745,25.273834,True,ok,train
Chunk_5,99c94dc769b5d96e|2018-07-06--18-18-36,8,Chunk_5/99c94dc769b5d96e|2018-07-06--18-18-36/8,Chunk_5/99c94dc769b5d96e|2018-07-06--18-18-36/8/video.hevc,37483278,True,True,True,1200,True,1200x3,True,1200x3,True,1200x4,1200,79414.889012,79474.838172,59.94916,20.00028,True,26.888362,30.744245,True,ok,train
Chunk_5,99c94dc769b5d96e|2018-07-06--18-18-36,9,Chunk_5/99c94dc769b5d96e|2018-07-06--18-18-36/9,Chunk_5/99c94dc769b5d96e|2018-07-06--18-18-36/9/video.hevc,37472030,True,True,True,1200,True,1200x3,True,1200x3,True,1200x4,1200,79474.888171,79534.837336,59.949165,20.000279,True,28.415911,30.332697,True,ok,train
Chunk_5,99c94dc769b5d96e|2018-07-06--18-18-36,10,Chunk_5/99c94dc769b5d96e|2018-07-06--18-18-36/10,Chunk_5/99c94dc769b5d96e|2018-07-06--18-18-36/10/video.hevc,37490430,True,True,True,1200,True,1200x3,True,1200x3,True,1200x4,1200,79534.887322,79594.836485,59.949163,20.000279,True,30.417127,30.909046,True,ok,train
Chunk_5,99c94dc769b5d96e|2018-07-06--18-18-36,11,Chunk_5/99c94dc769b5d96e|2018-07-06--18-18-36/11,Chunk_5/99c94dc769b5d96e|2018-07-06--18-18-36/11/video.hevc,37480942,True,True,True,1200,True,1200x3,True,1200x3,True,1200x4,1200,79594.886482,79654.83565,59.949168,20.000278,True,30.466055,30.839039,True,ok,train
Chunk_5,99c94dc769b5d96e|2018-07-06--18-18-36,12,Chunk_5/99c94dc769b5d96e|2018-07-06--18-18-36/12,Chunk_5/99c94dc769b5d96e|2018-07-06--18-18-36/12/video.hevc,37504126,True,True,True,1200,True,1200x3,True,1200x3,True,1200x4,1200,79654.885639,79714.834799,59.94916,20.00028,True,30.103712,30.964099,True,ok,train
Chunk_5,99c94dc769b5d96e|2018-07-06--18-18-36,13,Chunk_5/99c94dc769b5d96e|2018-07-06--18-18-36/13,Chunk_5/99c94dc769b5d96e|2018-07-06--18-18-36/13/video.hevc,37534542,True,True,True,1200,True,1200x3,True,1200x3,True,1200x4,1200,79714.884806,79774.833985,59.949179,20.000274,True,25.329314,29.251625,True,ok,train
Chunk_5,99c94dc769b5d96e|2018-07-06--18-18-36,14,Chunk_5/99c94dc769b5d96e|2018-07-06--18-18-36/14,Chunk_5/99c94dc769b5d96e|2018-07-06--18-18-36/14/video.hevc,37544334,True,True,True,1200,True,1200x3,True,1200x3,True,1200x4,1200,79774.883952,79834.883111,59.999159,19.983613,True,19.400464,24.911924,True,ok,train
Chunk_5,99c94dc769b5d96e|2018-07-06--18-18-36,15,Chunk_5/99c94dc769b5d96e|2018-07-06--18-18-36/15,Chunk_5/99c94dc769b5d96e|2018-07-06--18-18-36/15/video.hevc,37491198,True,True,True,1199,True,1199x3,True,1199x3,True,1199x4,1199,79834.933111,79894.882267,59.949156,19.983601,True,4.534838,18.994216,True,ok,train
Chunk_5,99c94dc769b5d96e|2018-07-06--18-18-36,16,Chunk_5/99c94dc769b5d96e|2018-07-06--18-18-36/16,Chunk_5/99c94dc769b5d96e|2018-07-06--18-18-36/16/video.hevc,37442958,True,True,True,1200,True,1200x3,True,1200x3,True,1200x4,1200,79894.932265,79954.881432,59.949167,20.000278,True,7.38408,20.712132,True,ok,train
Chunk_5,99c94dc769b5d96e|2018-07-06--18-18-36,17,Chunk_5/99c94dc769b5d96e|2018-07-06--18-18-36/17,Chunk_5/99c94dc769b5d96e|2018-07-06--18-18-36/17/video.hevc,37483966,True,True,True,1200,True,1200x3,True,1200x3,True,1200x4,1200,79954.931427,80014.880587,59.94916,20.00028,True,1.507693,2.846461,True,ok,train
Chunk_5,99c94dc769b5d96e|2018-07-06--18-18-36,18,Chunk_5/99c94dc769b5d96e|2018-07-06--18-18-36/18,Chunk_5/99c94dc769b5d96e|2018-07-06--18-18-36/18/video.hevc,37475134,True,True,True,1200,True,1200x3,True,1200x3,True,1200x4,1200,80014.930582,80074.879756,59.949174,20.000276,True,0.935155,2.899038,True,ok,train
Chunk_5,99c94dc769b5d96e|2018-07-06--18-18-36,19,Chunk_5/99c94dc769b5d96e|2018-07-06--18-18-36/19,Chunk_5/99c94dc769b5d96e|2018-07-06--18-18-36/19/video.hevc,37507470,True,True,True,1198,True,1198x3,True,1198x3,True,1198x4,1198,80074.929738,80134.878897,59.949159,19.966919,True,8.482363,21.925927,True,ok,train
Chunk_5,99c94dc769b5d96e|2018-07-06--18-18-36,20,Chunk_5/99c94dc769b5d96e|2018-07-06--18-18-36/20,Chunk_5/99c94dc769b5d96e|2018-07-06--18-18-36/20/video.hevc,37464990,True,True,True,1199,True,1199x3,True,1199x3,True,1199x4,1199,80134.928887,80194.878057,59.94917,19.983596,True,24.922437,28.461367,True,ok,train
Chunk_5,99c94dc769b5d96e|2018-07-06--18-18-36,21,Chunk_5/99c94dc769b5d96e|2018-07-06--18-18-36/21,Chunk_5/99c94dc769b5d96e|2018-07-06--18-18-36/21/video.hevc,37485054,True,True,True,1200,True,1200x3,True,1200x3,True,1200x4,1200,80194.928056,80254.877211,59.949155,20.000282,True,27.992119,30.859709,True,ok,train
Chunk_5,99c94dc769b5d96e|2018-07-06--18-18-36,22,Chunk_5/99c94dc769b5d96e|2018-07-06--18-18-36/22,Chunk_5/99c94dc769b5d96e|2018-07-06--18-18-36/22/video.hevc,37468478,True,True,True,1200,True,1200x3,True,1200x3,True,1200x4,1200,80254.927208,80314.876366,59.949158,20.000281,True,30.413734,30.924044,True,ok,train
Chunk_5,99c94dc769b5d96e|2018-07-06--18-18-36,23,Chunk_5/99c94dc769b5d96e|2018-07-06--18-18-36/23,Chunk_5/99c94dc769b5d96e|2018-07-06--18-18-36/23/video.hevc,37461326,True,True,True,1200,True,1200x3,True,1200x3,True,1200x4,1200,80314.926372,80374.87553,59.949158,20.000281,True,30.609655,30.927633,True,ok,train
Chunk_5,99c94dc769b5d96e|2018-07-06--18-18-36,24,Chunk_5/99c94dc769b5d96e|2018-07-06--18-18-36/24,Chunk_5/99c94dc769b5d96e|2018-07-06--18-18-36/24/video.hevc,37486174,True,True,True,1199,True,1199x3,True,1199x3,True,1199x4,1199,80374.92552,80434.874682,59.949162,19.983599,True,28.279813,30.684796,True,ok,train
Chunk_5,99c94dc769b5d96e|2018-07-06--18-18-36,25,Chunk_5/99c94dc769b5d96e|2018-07-06--18-18-36/25,Chunk_5/99c94dc769b5d96e|2018-07-06--18-18-36/25/video.hevc,37470398,True,True,True,1196,True,1196x3,True,1196x3,True,1196x4,1196,80434.924681,80494.82384,59.899159,19.950197,True,22.350711,25.984078,True,ok,train
Chunk_5,99c94dc769b5d96e|2018-07-06--18-18-36,26,Chunk_5/99c94dc769b5d96e|2018-07-06--18-18-36/26,Chunk_5/99c94dc769b5d96e|2018-07-06--18-18-36/26/video.hevc,37570766,True,True,True,1198,True,1198x3,True,1198x3,True,1198x4,1198,80494.87385,80554.873009,59.999159,19.95028,True,10.735629,19.257204,True,ok,train
Chunk_5,99c94dc769b5d96e|2018-07-06--18-18-36,27,Chunk_5/99c94dc769b5d96e|2018-07-06--18-18-36/27,Chunk_5/99c94dc769b5d96e|2018-07-06--18-18-36/27/video.hevc,37498158,True,True,True,1199,True,1199x3,True,1199x3,True,1199x4,1199,80554.923004,80614.87215,59.949146,19.983604,True,6.895577,19.676796,True,ok,train
Chunk_5,99c94dc769b5d96e|2018-07-06--18-18-36,28,Chunk_5/99c94dc769b5d96e|2018-07-06--18-18-36/28,Chunk_5/99c94dc769b5d96e|2018-07-06--18-18-36/28/video.hevc,37446782,True,True,True,1200,True,1200x3,True,1200x3,True,1200x4,1200,80614.922149,80674.871306,59.949157,20.000281,True,15.102511,18.8092,True,ok,train
