chunk,split,speed_band,mean_history_speed_mps,route_id,segment_id,sequence_id,target_end_longitudinal_m,target_end_lateral_m,preview_png,preview_gif
Chunk_1,train,low,0.269766,b0c9d2329ad1606b|2018-08-02--16-41-38,7,Chunk_1__b0c9d2329ad1606b|2018-08-02--16-41-38__segment_7__history_0_29__target_30_49,0.0015580332837998867,-0.0006041040760464966,/Users/weijingtao/Desktop/Honours project/comma2k19_data_preparation/chunk_1_results/previews/catalog/train/low/sequence_preview.png,/Users/weijingtao/Desktop/Honours project/comma2k19_data_preparation/chunk_1_results/previews/catalog/train/low/sequence_preview.gif
Chunk_1,train,medium,27.127804,b0c9d2329ad1606b|2018-08-15--09-01-03,21,Chunk_1__b0c9d2329ad1606b|2018-08-15--09-01-03__segment_21__history_0_29__target_30_49,27.655227661132812,-1.4725173969054595e-05,/Users/weijingtao/Desktop/Honours project/comma2k19_data_preparation/chunk_1_results/previews/catalog/train/medium/sequence_preview.png,/Users/weijingtao/Desktop/Honours project/comma2k19_data_preparation/chunk_1_results/previews/catalog/train/medium/sequence_preview.gif
Chunk_1,train,high,32.3728,b0c9d2329ad1606b|2018-08-01--21-13-49,11,Chunk_1__b0c9d2329ad1606b|2018-08-01--21-13-49__segment_11__history_0_29__target_30_49,32.43327331542969,-0.37704482674598694,/Users/weijingtao/Desktop/Honours project/comma2k19_data_preparation/chunk_1_results/previews/catalog/train/high/sequence_preview.png,/Users/weijingtao/Desktop/Honours project/comma2k19_data_preparation/chunk_1_results/previews/catalog/train/high/sequence_preview.gif
Chunk_1,validation,low,7.085922,b0c9d2329ad1606b|2018-08-10--22-42-26,4,Chunk_1__b0c9d2329ad1606b|2018-08-10--22-42-26__segment_4__history_0_29__target_30_49,8.050252914428711,-0.010046363808214664,/Users/weijingtao/Desktop/Honours project/comma2k19_data_preparation/chunk_1_results/previews/catalog/validation/low/sequence_preview.png,/Users/weijingtao/Desktop/Honours project/comma2k19_data_preparation/chunk_1_results/previews/catalog/validation/low/sequence_preview.gif
Chunk_1,validation,medium,28.846568,b0c9d2329ad1606b|2018-08-10--22-42-26,8,Chunk_1__b0c9d2329ad1606b|2018-08-10--22-42-26__segment_8__history_0_29__target_30_49,29.12428092956543,-0.19404709339141846,/Users/weijingtao/Desktop/Honours project/comma2k19_data_preparation/chunk_1_results/previews/catalog/validation/medium/sequence_preview.png,/Users/weijingtao/Desktop/Honours project/comma2k19_data_preparation/chunk_1_results/previews/catalog/validation/medium/sequence_preview.gif
Chunk_1,validation,high,31.630638,b0c9d2329ad1606b|2018-08-02--08-34-47,30,Chunk_1__b0c9d2329ad1606b|2018-08-02--08-34-47__segment_30__history_0_29__target_30_49,31.638282775878906,-0.01680269092321396,/Users/weijingtao/Desktop/Honours project/comma2k19_data_preparation/chunk_1_results/previews/catalog/validation/high/sequence_preview.png,/Users/weijingtao/Desktop/Honours project/comma2k19_data_preparation/chunk_1_results/previews/catalog/validation/high/sequence_preview.gif
Chunk_1,test,low,3.682975,b0c9d2329ad1606b|2018-08-17--14-17-47,8,Chunk_1__b0c9d2329ad1606b|2018-08-17--14-17-47__segment_8__history_0_29__target_30_49,5.713665962219238,0.004054588731378317,/Users/weijingtao/Desktop/Honours project/comma2k19_data_preparation/chunk_1_results/previews/catalog/test/low/sequence_preview.png,/Users/weijingtao/Desktop/Honours project/comma2k19_data_preparation/chunk_1_results/previews/catalog/test/low/sequence_preview.gif
Chunk_1,test,medium,25.834475,b0c9d2329ad1606b|2018-07-30--13-03-07,17,Chunk_1__b0c9d2329ad1606b|2018-07-30--13-03-07__segment_17__history_0_29__target_30_49,26.10991096496582,0.04745583236217499,/Users/weijingtao/Desktop/Honours project/comma2k19_data_preparation/chunk_1_results/previews/catalog/test/medium/sequence_preview.png,/Users/weijingtao/Desktop/Honours project/comma2k19_data_preparation/chunk_1_results/previews/catalog/test/medium/sequence_preview.gif
Chunk_1,test,high,31.211671,b0c9d2329ad1606b|2018-08-14--10-32-01,27,Chunk_1__b0c9d2329ad1606b|2018-08-14--10-32-01__segment_27__history_0_29__target_30_49,31.452816009521484,0.2925538420677185,/Users/weijingtao/Desktop/Honours project/comma2k19_data_preparation/chunk_1_results/previews/catalog/test/high/sequence_preview.png,/Users/weijingtao/Desktop/Honours project/comma2k19_data_preparation/chunk_1_results/previews/catalog/test/high/sequence_preview.gif
