file_name,file_path,usable,reason,rows_checked,columns
D14_part16.csv,raw_data/D14_part16.csv,False,missing_vehicle_id_x_y,50,"time, speed, engine_speed, gear"
D3_part9.csv,raw_data/D3_part9.csv,False,missing_vehicle_id_x_y,50,"time, speed, engine_speed, gear"
D17_part18.csv,raw_data/D17_part18.csv,False,missing_vehicle_id_x_y,50,"time, speed, engine_speed, gear"
D8_part12.csv,raw_data/D8_part12.csv,False,missing_vehicle_id_x_y,50,"time, speed, engine_speed, gear"
D20_part30.csv,raw_data/D20_part30.csv,False,missing_vehicle_id_x_y,50,"time, speed, engine_speed, gear"
D20_part24.csv,raw_data/D20_part24.csv,False,missing_vehicle_id_x_y,50,"time, speed, engine_speed, gear"
D14_part3.csv,raw_data/D14_part3.csv,False,missing_vehicle_id_x_y,50,"time, speed, engine_speed, gear"
D3_part26.csv,raw_data/D3_part26.csv,False,missing_vehicle_id_x_y,50,"time, speed, engine_speed, gear"
D3_part32.csv,raw_data/D3_part32.csv,False,missing_vehicle_id_x_y,50,"time, speed, engine_speed, gear"
D20_part18.csv,raw_data/D20_part18.csv,False,missing_vehicle_id_x_y,50,"time, speed, engine_speed, gear"
handling_part29.csv,raw_data/handling_part29.csv,False,missing_vehicle_id_x_y_time_or_frame,4,"date, 9, 10, 2019"
handling_part15.csv,raw_data/handling_part15.csv,False,missing_vehicle_id_x_y_time_or_frame,4,"date, 9, 10, 2019"
D5_part11.csv,raw_data/D5_part11.csv,False,missing_vehicle_id_x_y,50,"time, speed, engine_speed, gear"
dynamic_part11.csv,raw_data/dynamic_part11.csv,False,missing_vehicle_id_x_y_time_or_frame,4,"date, 8, 10, 2019"
D6_part6.csv,raw_data/D6_part6.csv,False,missing_vehicle_id_x_y,50,"time, speed, engine_speed, gear"
D1_part7 (1).csv,raw_data/D1_part7 (1).csv,False,missing_vehicle_id_x_y,50,"time, speed, engine_speed, gear"
D12_part4.csv,raw_data/D12_part4.csv,False,missing_vehicle_id_x_y,50,"time, speed, engine_speed, gear"
part8_2.csv,raw_data/part8_2.csv,False,missing_vehicle_id_x_y_time_or_frame,4,"date, 30, 9, 2020"
D6_part7.csv,raw_data/D6_part7.csv,False,missing_vehicle_id_x_y,50,"time, speed, engine_speed, gear"
JRC-Cher_240918_rec1_part2_highway.csv,raw_data/JRC-Cher_240918_rec1_part2_highway.csv,False,missing_vehicle_id_x_y_time_or_frame,50,"date, 24, 9, 2018, unnamed:_4, unnamed:_5, unnamed:_6, unnamed:_7, unnamed:_8, unnamed:_9, unnamed:_10, unnamed:_11, unnamed:_12, unnamed:_13, unnamed:_14, unnamed:_15, unnamed:_16, unnamed:_17, unnamed:_18, unnamed:_19, unnamed:_20, unnamed:_21, unnamed:_22, unnamed:_23, unnamed:_24, unnamed:_25"
D13_part33 (1).csv,raw_data/D13_part33 (1).csv,False,missing_vehicle_id_x_y,50,"time, speed, engine_speed, gear"
dynamic_part10.csv,raw_data/dynamic_part10.csv,False,missing_vehicle_id_x_y_time_or_frame,4,"date, 8, 10, 2019"
D5_part10.csv,raw_data/D5_part10.csv,False,missing_vehicle_id_x_y,50,"time, speed, engine_speed, gear"
handling_part14.csv,raw_data/handling_part14.csv,False,missing_vehicle_id_x_y_time_or_frame,4,"date, 9, 10, 2019"
D19_part1.csv,raw_data/D19_part1.csv,False,missing_vehicle_id_x_y,50,"time, speed, engine_speed, gear"
handling_part28.csv,raw_data/handling_part28.csv,False,missing_vehicle_id_x_y_time_or_frame,4,"date, 9, 10, 2019"
D20_part19.csv,raw_data/D20_part19.csv,False,missing_vehicle_id_x_y,50,"time, speed, engine_speed, gear"
D3_part33.csv,raw_data/D3_part33.csv,False,missing_vehicle_id_x_y,50,"time, speed, engine_speed, gear"
D3_part27.csv,raw_data/D3_part27.csv,False,missing_vehicle_id_x_y,50,"time, speed, engine_speed, gear"
D5_part7 (1).csv,raw_data/D5_part7 (1).csv,False,missing_vehicle_id_x_y,50,"time, speed, engine_speed, gear"
D20_part25.csv,raw_data/D20_part25.csv,False,missing_vehicle_id_x_y,50,"time, speed, engine_speed, gear"
D14_part2.csv,raw_data/D14_part2.csv,False,missing_vehicle_id_x_y,50,"time, speed, engine_speed, gear"
D20_part31.csv,raw_data/D20_part31.csv,False,missing_vehicle_id_x_y,50,"time, speed, engine_speed, gear"
D8_part13.csv,raw_data/D8_part13.csv,False,missing_vehicle_id_x_y,50,"time, speed, engine_speed, gear"
D3_part8.csv,raw_data/D3_part8.csv,False,missing_vehicle_id_x_y,50,"time, speed, engine_speed, gear"
D14_part17.csv,raw_data/D14_part17.csv,False,missing_vehicle_id_x_y,50,"time, speed, engine_speed, gear"
D17_part8.csv,raw_data/D17_part8.csv,False,missing_vehicle_id_x_y,50,"time, speed, engine_speed, gear"
D14_part15.csv,raw_data/D14_part15.csv,False,missing_vehicle_id_x_y,50,"time, speed, engine_speed, gear"
D20_part27.csv,raw_data/D20_part27.csv,False,missing_vehicle_id_x_y,50,"time, speed, engine_speed, gear"
D3_part19.csv,raw_data/D3_part19.csv,False,missing_vehicle_id_x_y,50,"time, speed, engine_speed, gear"
D20_part33.csv,raw_data/D20_part33.csv,False,missing_vehicle_id_x_y,50,"time, speed, engine_speed, gear"
D8_part11.csv,raw_data/D8_part11.csv,False,missing_vehicle_id_x_y,50,"time, speed, engine_speed, gear"
D3_part31.csv,raw_data/D3_part31.csv,False,missing_vehicle_id_x_y,50,"time, speed, engine_speed, gear"
D3_part25.csv,raw_data/D3_part25.csv,False,missing_vehicle_id_x_y,50,"time, speed, engine_speed, gear"
D19_part3.csv,raw_data/D19_part3.csv,False,missing_vehicle_id_x_y,50,"time, speed, engine_speed, gear"
handling_part16.csv,raw_data/handling_part16.csv,False,missing_vehicle_id_x_y_time_or_frame,4,"date, 9, 10, 2019"
dynamic_part12.csv,raw_data/dynamic_part12.csv,False,missing_vehicle_id_x_y_time_or_frame,4,"date, 8, 10, 2019"
JRC-VC_280219_part3.csv,raw_data/JRC-VC_280219_part3.csv,False,missing_vehicle_id_x_y_time_or_frame,50,"date, 28, 2, 2019, unnamed:_4, unnamed:_5, unnamed:_6, unnamed:_7, unnamed:_8, unnamed:_9, unnamed:_10, unnamed:_11, unnamed:_12, unnamed:_13, unnamed:_14, unnamed:_15, unnamed:_16, unnamed:_17, unnamed:_18, unnamed:_19, unnamed:_20, unnamed:_21, unnamed:_22, unnamed:_23, unnamed:_24, unnamed:_25, unnamed:_26, unnamed:_27, unnamed:_28, unnamed:_29, unnamed:_30, unnamed:_31, unnamed:_32, unnamed:_33, unnamed:_34, unnamed:_35, unnamed:_36, unnamed:_37, unnamed:_38, unnamed:_39, unnamed:_40, unnamed:_41, unnamed:_42, unnamed:_43, unnamed:_44, unnamed:_45, unnamed:_46, unnamed:_47, unnamed:_48, unnamed:_49, unnamed:_50, unnamed:_51, unnamed:_52, unnamed:_53, unnamed:_54, unnamed:_55, unnamed:_56, unnamed:_57, unnamed:_58, unnamed:_59, unnamed:_60, unnamed:_61, unnamed:_62, unnamed:_63, unnamed:_64, unnamed:_65, unnamed:_66, unnamed:_67, unnamed:_68, unnamed:_69, unnamed:_70"
D6_part5.csv,raw_data/D6_part5.csv,False,missing_vehicle_id_x_y,50,"time, speed, engine_speed, gear"
dynamic_part8.csv,raw_data/dynamic_part8.csv,False,missing_vehicle_id_x_y_time_or_frame,4,"date, 8, 10, 2019"
D6_part4.csv,raw_data/D6_part4.csv,False,missing_vehicle_id_x_y,50,"time, speed, engine_speed, gear"
part8_1.csv,raw_data/part8_1.csv,False,missing_vehicle_id_x_y_time_or_frame,4,"date, 30, 9, 2020"
dynamic_part9.csv,raw_data/dynamic_part9.csv,False,missing_vehicle_id_x_y_time_or_frame,4,"date, 8, 10, 2019"
JRC-VC_280219_part2.csv,raw_data/JRC-VC_280219_part2.csv,False,missing_vehicle_id_x_y_time_or_frame,50,"date, 28, 2, 2019, unnamed:_4, unnamed:_5, unnamed:_6, unnamed:_7, unnamed:_8, unnamed:_9, unnamed:_10, unnamed:_11, unnamed:_12, unnamed:_13, unnamed:_14, unnamed:_15, unnamed:_16, unnamed:_17, unnamed:_18, unnamed:_19, unnamed:_20, unnamed:_21, unnamed:_22, unnamed:_23, unnamed:_24, unnamed:_25, unnamed:_26, unnamed:_27, unnamed:_28, unnamed:_29, unnamed:_30, unnamed:_31, unnamed:_32, unnamed:_33, unnamed:_34, unnamed:_35, unnamed:_36, unnamed:_37, unnamed:_38, unnamed:_39, unnamed:_40, unnamed:_41, unnamed:_42, unnamed:_43, unnamed:_44, unnamed:_45, unnamed:_46, unnamed:_47, unnamed:_48, unnamed:_49, unnamed:_50, unnamed:_51, unnamed:_52, unnamed:_53, unnamed:_54, unnamed:_55, unnamed:_56, unnamed:_57, unnamed:_58, unnamed:_59, unnamed:_60, unnamed:_61, unnamed:_62, unnamed:_63, unnamed:_64, unnamed:_65, unnamed:_66, unnamed:_67, unnamed:_68, unnamed:_69, unnamed:_70"
dynamic_part13.csv,raw_data/dynamic_part13.csv,False,missing_vehicle_id_x_y_time_or_frame,4,"date, 8, 10, 2019"
D19_part2.csv,raw_data/D19_part2.csv,False,missing_vehicle_id_x_y,50,"time, speed, engine_speed, gear"
handling_part17.csv,raw_data/handling_part17.csv,False,missing_vehicle_id_x_y_time_or_frame,4,"date, 9, 10, 2019"
D3_part24.csv,raw_data/D3_part24.csv,False,missing_vehicle_id_x_y,50,"time, speed, engine_speed, gear"
D3_part30.csv,raw_data/D3_part30.csv,False,missing_vehicle_id_x_y,50,"time, speed, engine_speed, gear"
D8_part10.csv,raw_data/D8_part10.csv,False,missing_vehicle_id_x_y,50,"time, speed, engine_speed, gear"
D20_part32.csv,raw_data/D20_part32.csv,False,missing_vehicle_id_x_y,50,"time, speed, engine_speed, gear"
D3_part18.csv,raw_data/D3_part18.csv,False,missing_vehicle_id_x_y,50,"time, speed, engine_speed, gear"
D14_part1.csv,raw_data/D14_part1.csv,False,missing_vehicle_id_x_y,50,"time, speed, engine_speed, gear"
D20_part26.csv,raw_data/D20_part26.csv,False,missing_vehicle_id_x_y,50,"time, speed, engine_speed, gear"
D14_part14.csv,raw_data/D14_part14.csv,False,missing_vehicle_id_x_y,50,"time, speed, engine_speed, gear"
D17_part9.csv,raw_data/D17_part9.csv,False,missing_vehicle_id_x_y,50,"time, speed, engine_speed, gear"
D14_part10.csv,raw_data/D14_part10.csv,False,missing_vehicle_id_x_y,50,"time, speed, engine_speed, gear"
D3_part34.csv,raw_data/D3_part34.csv,False,missing_vehicle_id_x_y,50,"time, speed, engine_speed, gear"
handling_part8.csv,raw_data/handling_part8.csv,False,missing_vehicle_id_x_y_time_or_frame,4,"date, 9, 10, 2019"
D8_part28.csv,raw_data/D8_part28.csv,False,missing_vehicle_id_x_y,50,"time, speed, engine_speed, gear"
D3_part20.csv,raw_data/D3_part20.csv,False,missing_vehicle_id_x_y,50,"time, speed, engine_speed, gear"
D20_part22.csv,raw_data/D20_part22.csv,False,missing_vehicle_id_x_y,50,"time, speed, engine_speed, gear"
D14_part5.csv,raw_data/D14_part5.csv,False,missing_vehicle_id_x_y,50,"time, speed, engine_speed, gear"
D8_part14.csv,raw_data/D8_part14.csv,False,missing_vehicle_id_x_y,50,"time, speed, engine_speed, gear"
handling_part13.csv,raw_data/handling_part13.csv,False,missing_vehicle_id_x_y_time_or_frame,4,"date, 9, 10, 2019"
D19_part6.csv,raw_data/D19_part6.csv,False,missing_vehicle_id_x_y,50,"time, speed, engine_speed, gear"
D5_part8.csv,raw_data/D5_part8.csv,False,missing_vehicle_id_x_y,50,"time, speed, engine_speed, gear"
dynamic_part17.csv,raw_data/dynamic_part17.csv,False,missing_vehicle_id_x_y_time_or_frame,4,"date, 8, 10, 2019"
D12_part2.csv,raw_data/D12_part2.csv,False,missing_vehicle_id_x_y,50,"time, speed, engine_speed, gear"
D12_part3.csv,raw_data/D12_part3.csv,False,missing_vehicle_id_x_y,50,"time, speed, engine_speed, gear"
D6_part1.csv,raw_data/D6_part1.csv,False,missing_vehicle_id_x_y,50,"time, speed, engine_speed, gear"
dynamic_part16.csv,raw_data/dynamic_part16.csv,False,missing_vehicle_id_x_y_time_or_frame,4,"date, 8, 10, 2019"
D5_part9.csv,raw_data/D5_part9.csv,False,missing_vehicle_id_x_y,50,"time, speed, engine_speed, gear"
handling_part12.csv,raw_data/handling_part12.csv,False,missing_vehicle_id_x_y_time_or_frame,4,"date, 9, 10, 2019"
D19_part7.csv,raw_data/D19_part7.csv,False,missing_vehicle_id_x_y,50,"time, speed, engine_speed, gear"
D8_part15.csv,raw_data/D8_part15.csv,False,missing_vehicle_id_x_y,50,"time, speed, engine_speed, gear"
D20_part23.csv,raw_data/D20_part23.csv,False,missing_vehicle_id_x_y,50,"time, speed, engine_speed, gear"
D14_part4.csv,raw_data/D14_part4.csv,False,missing_vehicle_id_x_y,50,"time, speed, engine_speed, gear"
D3_part21.csv,raw_data/D3_part21.csv,False,missing_vehicle_id_x_y,50,"time, speed, engine_speed, gear"
D8_part29.csv,raw_data/D8_part29.csv,False,missing_vehicle_id_x_y,50,"time, speed, engine_speed, gear"
handling_part9.csv,raw_data/handling_part9.csv,False,missing_vehicle_id_x_y_time_or_frame,4,"date, 9, 10, 2019"
D3_part35.csv,raw_data/D3_part35.csv,False,missing_vehicle_id_x_y,50,"time, speed, engine_speed, gear"
part14_1.csv,raw_data/part14_1.csv,False,missing_vehicle_id_x_y_time_or_frame,4,"date, 30, 9, 2020"
D14_part11.csv,raw_data/D14_part11.csv,False,missing_vehicle_id_x_y,50,"time, speed, engine_speed, gear"
Motor_Vehicle_Collisions_-_Crashes.csv,raw_data/Motor_Vehicle_Collisions_-_Crashes.csv,False,excluded_by_file_name,0,
D14_part13.csv,raw_data/D14_part13.csv,False,missing_vehicle_id_x_y,50,"time, speed, engine_speed, gear"
D3_part23.csv,raw_data/D3_part23.csv,False,missing_vehicle_id_x_y,50,"time, speed, engine_speed, gear"
D3_part37.csv,raw_data/D3_part37.csv,False,missing_vehicle_id_x_y,50,"time, speed, engine_speed, gear"
D8_part17.csv,raw_data/D8_part17.csv,False,missing_vehicle_id_x_y,50,"time, speed, engine_speed, gear"
D14_part6.csv,raw_data/D14_part6.csv,False,missing_vehicle_id_x_y,50,"time, speed, engine_speed, gear"
D20_part21.csv,raw_data/D20_part21.csv,False,missing_vehicle_id_x_y,50,"time, speed, engine_speed, gear"
D19_part5.csv,raw_data/D19_part5.csv,False,missing_vehicle_id_x_y,50,"time, speed, engine_speed, gear"
handling_part10.csv,raw_data/handling_part10.csv,False,missing_vehicle_id_x_y_time_or_frame,4,"date, 9, 10, 2019"
handling_part38.csv,raw_data/handling_part38.csv,False,missing_vehicle_id_x_y_time_or_frame,4,"date, 9, 10, 2019"
D8_part8.csv,raw_data/D8_part8.csv,False,missing_vehicle_id_x_y,50,"time, speed, engine_speed, gear"
dynamic_part14.csv,raw_data/dynamic_part14.csv,False,missing_vehicle_id_x_y_time_or_frame,4,"date, 8, 10, 2019"
D6_part3.csv,raw_data/D6_part3.csv,False,missing_vehicle_id_x_y,50,"time, speed, engine_speed, gear"
ASta_040719_platoon9.csv,raw_data/ASta_040719_platoon9.csv,False,missing_vehicle_id_x_y_time_or_frame,50,"date, 4, 7, 2019, unnamed:_4, unnamed:_5, unnamed:_6, unnamed:_7, unnamed:_8, unnamed:_9, unnamed:_10, unnamed:_11, unnamed:_12, unnamed:_13, unnamed:_14, unnamed:_15, unnamed:_16, unnamed:_17, unnamed:_18, unnamed:_19, unnamed:_20, unnamed:_21, unnamed:_22, unnamed:_23, unnamed:_24, unnamed:_25, unnamed:_26, unnamed:_27, unnamed:_28, unnamed:_29, unnamed:_30, unnamed:_31, unnamed:_32, unnamed:_33, unnamed:_34, unnamed:_35, unnamed:_36, unnamed:_37, unnamed:_38, unnamed:_39, unnamed:_40, unnamed:_41, unnamed:_42, unnamed:_43, unnamed:_44, unnamed:_45, unnamed:_46, unnamed:_47, unnamed:_48, unnamed:_49, unnamed:_50, unnamed:_51, unnamed:_52, unnamed:_53, unnamed:_54, unnamed:_55, unnamed:_56, unnamed:_57, unnamed:_58, unnamed:_59, unnamed:_60, unnamed:_61, unnamed:_62, unnamed:_63, unnamed:_64, unnamed:_65"
D12_part1.csv,raw_data/D12_part1.csv,False,missing_vehicle_id_x_y,50,"time, speed, engine_speed, gear"
D19_part10.csv,raw_data/D19_part10.csv,False,missing_vehicle_id_x_y,50,"time, speed, engine_speed, gear"
D19_part11.csv,raw_data/D19_part11.csv,False,missing_vehicle_id_x_y,50,"time, speed, engine_speed, gear"
Cherasco_veh_specifications.csv,raw_data/Cherasco_veh_specifications.csv,False,excluded_by_file_name,0,
ASta_040719_platoon8.csv,raw_data/ASta_040719_platoon8.csv,False,missing_vehicle_id_x_y_time_or_frame,50,"date, 4, 7, 2019, unnamed:_4, unnamed:_5, unnamed:_6, unnamed:_7, unnamed:_8, unnamed:_9, unnamed:_10, unnamed:_11, unnamed:_12, unnamed:_13, unnamed:_14, unnamed:_15, unnamed:_16, unnamed:_17, unnamed:_18, unnamed:_19, unnamed:_20, unnamed:_21, unnamed:_22, unnamed:_23, unnamed:_24, unnamed:_25, unnamed:_26, unnamed:_27, unnamed:_28, unnamed:_29, unnamed:_30, unnamed:_31, unnamed:_32, unnamed:_33, unnamed:_34, unnamed:_35, unnamed:_36, unnamed:_37, unnamed:_38, unnamed:_39, unnamed:_40, unnamed:_41, unnamed:_42, unnamed:_43, unnamed:_44, unnamed:_45, unnamed:_46, unnamed:_47, unnamed:_48, unnamed:_49, unnamed:_50, unnamed:_51, unnamed:_52, unnamed:_53, unnamed:_54, unnamed:_55, unnamed:_56, unnamed:_57, unnamed:_58, unnamed:_59, unnamed:_60, unnamed:_61, unnamed:_62, unnamed:_63, unnamed:_64, unnamed:_65"
D6_part2.csv,raw_data/D6_part2.csv,False,missing_vehicle_id_x_y,50,"time, speed, engine_speed, gear"
D11_part8.csv,raw_data/D11_part8.csv,False,missing_vehicle_id_x_y,50,"time, speed, engine_speed, gear"
dynamic_part15.csv,raw_data/dynamic_part15.csv,False,missing_vehicle_id_x_y_time_or_frame,4,"date, 8, 10, 2019"
D8_part9.csv,raw_data/D8_part9.csv,False,missing_vehicle_id_x_y,50,"time, speed, engine_speed, gear"
handling_part39.csv,raw_data/handling_part39.csv,False,missing_vehicle_id_x_y_time_or_frame,4,"date, 9, 10, 2019"
D19_part4.csv,raw_data/D19_part4.csv,False,missing_vehicle_id_x_y,50,"time, speed, engine_speed, gear"
handling_part11.csv,raw_data/handling_part11.csv,False,missing_vehicle_id_x_y_time_or_frame,4,"date, 9, 10, 2019"
Vicolungo_veh_specifications.csv,raw_data/Vicolungo_veh_specifications.csv,False,excluded_by_file_name,0,
D14_part7.csv,raw_data/D14_part7.csv,False,missing_vehicle_id_x_y,50,"time, speed, engine_speed, gear"
D20_part20.csv,raw_data/D20_part20.csv,False,missing_vehicle_id_x_y,50,"time, speed, engine_speed, gear"
D8_part16.csv,raw_data/D8_part16.csv,False,missing_vehicle_id_x_y,50,"time, speed, engine_speed, gear"
D3_part36.csv,raw_data/D3_part36.csv,False,missing_vehicle_id_x_y,50,"time, speed, engine_speed, gear"
D3_part22.csv,raw_data/D3_part22.csv,False,missing_vehicle_id_x_y,50,"time, speed, engine_speed, gear"
D14_part12.csv,raw_data/D14_part12.csv,False,missing_vehicle_id_x_y,50,"time, speed, engine_speed, gear"
ASta_040719_platoon4 (1).csv,raw_data/ASta_040719_platoon4 (1).csv,False,missing_vehicle_id_x_y_time_or_frame,50,"date, 4, 7, 2019, unnamed:_4, unnamed:_5, unnamed:_6, unnamed:_7, unnamed:_8, unnamed:_9, unnamed:_10, unnamed:_11, unnamed:_12, unnamed:_13, unnamed:_14, unnamed:_15, unnamed:_16, unnamed:_17, unnamed:_18, unnamed:_19, unnamed:_20, unnamed:_21, unnamed:_22, unnamed:_23, unnamed:_24, unnamed:_25, unnamed:_26, unnamed:_27, unnamed:_28, unnamed:_29, unnamed:_30, unnamed:_31, unnamed:_32, unnamed:_33, unnamed:_34, unnamed:_35, unnamed:_36, unnamed:_37, unnamed:_38, unnamed:_39, unnamed:_40, unnamed:_41, unnamed:_42, unnamed:_43, unnamed:_44, unnamed:_45, unnamed:_46, unnamed:_47, unnamed:_48, unnamed:_49, unnamed:_50, unnamed:_51, unnamed:_52, unnamed:_53, unnamed:_54, unnamed:_55, unnamed:_56, unnamed:_57, unnamed:_58, unnamed:_59, unnamed:_60, unnamed:_61, unnamed:_62, unnamed:_63, unnamed:_64, unnamed:_65"
JRC-VC_280219_part4_highway.csv,raw_data/JRC-VC_280219_part4_highway.csv,False,missing_vehicle_id_x_y_time_or_frame,50,"date, 28, 2, 2019, unnamed:_4, unnamed:_5, unnamed:_6, unnamed:_7, unnamed:_8, unnamed:_9, unnamed:_10, unnamed:_11, unnamed:_12, unnamed:_13, unnamed:_14, unnamed:_15, unnamed:_16, unnamed:_17, unnamed:_18, unnamed:_19, unnamed:_20, unnamed:_21, unnamed:_22, unnamed:_23, unnamed:_24, unnamed:_25, unnamed:_26, unnamed:_27, unnamed:_28, unnamed:_29, unnamed:_30, unnamed:_31, unnamed:_32, unnamed:_33, unnamed:_34, unnamed:_35, unnamed:_36, unnamed:_37, unnamed:_38, unnamed:_39, unnamed:_40, unnamed:_41, unnamed:_42, unnamed:_43, unnamed:_44, unnamed:_45, unnamed:_46, unnamed:_47, unnamed:_48, unnamed:_49, unnamed:_50, unnamed:_51, unnamed:_52, unnamed:_53, unnamed:_54, unnamed:_55, unnamed:_56, unnamed:_57, unnamed:_58, unnamed:_59, unnamed:_60, unnamed:_61, unnamed:_62, unnamed:_63, unnamed:_64, unnamed:_65, unnamed:_66, unnamed:_67, unnamed:_68, unnamed:_69, unnamed:_70"
D10_part20.csv,raw_data/D10_part20.csv,False,missing_vehicle_id_x_y,50,"time, speed, engine_speed, gear"
D3_part79.csv,raw_data/D3_part79.csv,False,missing_vehicle_id_x_y,50,"time, speed, engine_speed, gear"
D3_part45.csv,raw_data/D3_part45.csv,False,missing_vehicle_id_x_y,50,"time, speed, engine_speed, gear"
D20_part2.csv,raw_data/D20_part2.csv,False,missing_vehicle_id_x_y,50,"time, speed, engine_speed, gear"
D3_part51.csv,raw_data/D3_part51.csv,False,missing_vehicle_id_x_y,50,"time, speed, engine_speed, gear"
D13_part4.csv,raw_data/D13_part4.csv,False,missing_vehicle_id_x_y,50,"time, speed, engine_speed, gear"
D13_part12.csv,raw_data/D13_part12.csv,False,missing_vehicle_id_x_y,50,"time, speed, engine_speed, gear"
D3_part86.csv,raw_data/D3_part86.csv,False,missing_vehicle_id_x_y,50,"time, speed, engine_speed, gear"
D18_part26.csv,raw_data/D18_part26.csv,False,missing_vehicle_id_x_y,50,"time, speed, engine_speed, gear"
D2_part9.csv,raw_data/D2_part9.csv,False,missing_vehicle_id_x_y,50,"time, speed, engine_speed, gear"
D15_part19.csv,raw_data/D15_part19.csv,False,missing_vehicle_id_x_y,50,"time, speed, engine_speed, gear"
D1_part27.csv,raw_data/D1_part27.csv,False,missing_vehicle_id_x_y,50,"time, speed, engine_speed, gear"
D16_part17.csv,raw_data/D16_part17.csv,False,missing_vehicle_id_x_y,50,"time, speed, engine_speed, gear"
D15_part3.csv,raw_data/D15_part3.csv,False,missing_vehicle_id_x_y,50,"time, speed, engine_speed, gear"
part1.csv,raw_data/part1.csv,False,missing_vehicle_id_x_y_time_or_frame,4,"date, 30, 9, 2020"
D1_part1.csv,raw_data/D1_part1.csv,False,missing_vehicle_id_x_y,50,"time, speed, engine_speed, gear"
D18_part1.csv,raw_data/D18_part1.csv,False,missing_vehicle_id_x_y,50,"time, speed, engine_speed, gear"
D15_part2.csv,raw_data/D15_part2.csv,False,missing_vehicle_id_x_y,50,"time, speed, engine_speed, gear"
D16_part16.csv,raw_data/D16_part16.csv,False,missing_vehicle_id_x_y,50,"time, speed, engine_speed, gear"
D15_part24.csv,raw_data/D15_part24.csv,False,missing_vehicle_id_x_y,50,"time, speed, engine_speed, gear"
D1_part26.csv,raw_data/D1_part26.csv,False,missing_vehicle_id_x_y,50,"time, speed, engine_speed, gear"
D15_part18.csv,raw_data/D15_part18.csv,False,missing_vehicle_id_x_y,50,"time, speed, engine_speed, gear"
D2_part8.csv,raw_data/D2_part8.csv,False,missing_vehicle_id_x_y,50,"time, speed, engine_speed, gear"
D18_part27.csv,raw_data/D18_part27.csv,False,missing_vehicle_id_x_y,50,"time, speed, engine_speed, gear"
D3_part87.csv,raw_data/D3_part87.csv,False,missing_vehicle_id_x_y,50,"time, speed, engine_speed, gear"
D13_part5.csv,raw_data/D13_part5.csv,False,missing_vehicle_id_x_y,50,"time, speed, engine_speed, gear"
D13_part13.csv,raw_data/D13_part13.csv,False,missing_vehicle_id_x_y,50,"time, speed, engine_speed, gear"
D3_part50.csv,raw_data/D3_part50.csv,False,missing_vehicle_id_x_y,50,"time, speed, engine_speed, gear"
D3_part44.csv,raw_data/D3_part44.csv,False,missing_vehicle_id_x_y,50,"time, speed, engine_speed, gear"
D20_part3.csv,raw_data/D20_part3.csv,False,missing_vehicle_id_x_y,50,"time, speed, engine_speed, gear"
D3_part78.csv,raw_data/D3_part78.csv,False,missing_vehicle_id_x_y,50,"time, speed, engine_speed, gear"
part16.csv,raw_data/part16.csv,False,missing_vehicle_id_x_y_time_or_frame,4,"date, 30, 9, 2020"
part9_1.csv,raw_data/part9_1.csv,False,missing_vehicle_id_x_y_time_or_frame,4,"date, 30, 9, 2020"
D10_part21.csv,raw_data/D10_part21.csv,False,missing_vehicle_id_x_y,50,"time, speed, engine_speed, gear"
D10_part23.csv,raw_data/D10_part23.csv,False,missing_vehicle_id_x_y,50,"time, speed, engine_speed, gear"
Veh_specifications (2).csv,raw_data/Veh_specifications (2).csv,False,excluded_by_file_name,0,
JRC-VC_260219_part4_highway.csv,raw_data/JRC-VC_260219_part4_highway.csv,False,missing_vehicle_id_x_y_time_or_frame,50,"date, 26, 2, 2019, unnamed:_4, unnamed:_5, unnamed:_6, unnamed:_7, unnamed:_8, unnamed:_9, unnamed:_10, unnamed:_11, unnamed:_12, unnamed:_13, unnamed:_14, unnamed:_15, unnamed:_16, unnamed:_17, unnamed:_18, unnamed:_19, unnamed:_20, unnamed:_21, unnamed:_22, unnamed:_23, unnamed:_24, unnamed:_25, unnamed:_26, unnamed:_27, unnamed:_28, unnamed:_29, unnamed:_30, unnamed:_31, unnamed:_32, unnamed:_33, unnamed:_34, unnamed:_35, unnamed:_36, unnamed:_37, unnamed:_38, unnamed:_39, unnamed:_40, unnamed:_41, unnamed:_42, unnamed:_43, unnamed:_44, unnamed:_45, unnamed:_46, unnamed:_47, unnamed:_48, unnamed:_49, unnamed:_50, unnamed:_51, unnamed:_52, unnamed:_53, unnamed:_54, unnamed:_55, unnamed:_56, unnamed:_57, unnamed:_58, unnamed:_59, unnamed:_60, unnamed:_61, unnamed:_62, unnamed:_63, unnamed:_64, unnamed:_65, unnamed:_66, unnamed:_67, unnamed:_68, unnamed:_69, unnamed:_70"
D3_part52.csv,raw_data/D3_part52.csv,False,missing_vehicle_id_x_y,50,"time, speed, engine_speed, gear"
D20_part1.csv,raw_data/D20_part1.csv,False,missing_vehicle_id_x_y,50,"time, speed, engine_speed, gear"
D3_part46.csv,raw_data/D3_part46.csv,False,missing_vehicle_id_x_y,50,"time, speed, engine_speed, gear"
D18_part19.csv,raw_data/D18_part19.csv,False,missing_vehicle_id_x_y,50,"time, speed, engine_speed, gear"
D13_part11.csv,raw_data/D13_part11.csv,False,missing_vehicle_id_x_y,50,"time, speed, engine_speed, gear"
D13_part7.csv,raw_data/D13_part7.csv,False,missing_vehicle_id_x_y,50,"time, speed, engine_speed, gear"
D18_part25.csv,raw_data/D18_part25.csv,False,missing_vehicle_id_x_y,50,"time, speed, engine_speed, gear"
D3_part85.csv,raw_data/D3_part85.csv,False,missing_vehicle_id_x_y,50,"time, speed, engine_speed, gear"
D16_part8.csv,raw_data/D16_part8.csv,False,missing_vehicle_id_x_y,50,"time, speed, engine_speed, gear"
D1_part18.csv,raw_data/D1_part18.csv,False,missing_vehicle_id_x_y,50,"time, speed, engine_speed, gear"
D1_part24.csv,raw_data/D1_part24.csv,False,missing_vehicle_id_x_y,50,"time, speed, engine_speed, gear"
D16_part14.csv,raw_data/D16_part14.csv,False,missing_vehicle_id_x_y,50,"time, speed, engine_speed, gear"
D16_part28.csv,raw_data/D16_part28.csv,False,missing_vehicle_id_x_y,50,"time, speed, engine_speed, gear"
D18_part3.csv,raw_data/D18_part3.csv,False,missing_vehicle_id_x_y,50,"time, speed, engine_speed, gear"
part2.csv,raw_data/part2.csv,False,missing_vehicle_id_x_y_time_or_frame,4,"date, 30, 9, 2020"
D1_part2.csv,raw_data/D1_part2.csv,False,missing_vehicle_id_x_y,50,"time, speed, engine_speed, gear"
D1_part3.csv,raw_data/D1_part3.csv,False,missing_vehicle_id_x_y,50,"time, speed, engine_speed, gear"
part3.csv,raw_data/part3.csv,False,missing_vehicle_id_x_y_time_or_frame,4,"date, 27, 10, 2020"
D18_part2.csv,raw_data/D18_part2.csv,False,missing_vehicle_id_x_y,50,"time, speed, engine_speed, gear"
D15_part1.csv,raw_data/D15_part1.csv,False,missing_vehicle_id_x_y,50,"time, speed, engine_speed, gear"
D16_part29.csv,raw_data/D16_part29.csv,False,missing_vehicle_id_x_y,50,"time, speed, engine_speed, gear"
D16_part15.csv,raw_data/D16_part15.csv,False,missing_vehicle_id_x_y,50,"time, speed, engine_speed, gear"
D1_part25.csv,raw_data/D1_part25.csv,False,missing_vehicle_id_x_y,50,"time, speed, engine_speed, gear"
D1_part19.csv,raw_data/D1_part19.csv,False,missing_vehicle_id_x_y,50,"time, speed, engine_speed, gear"
D16_part9.csv,raw_data/D16_part9.csv,False,missing_vehicle_id_x_y,50,"time, speed, engine_speed, gear"
D3_part84.csv,raw_data/D3_part84.csv,False,missing_vehicle_id_x_y,50,"time, speed, engine_speed, gear"
D18_part24.csv,raw_data/D18_part24.csv,False,missing_vehicle_id_x_y,50,"time, speed, engine_speed, gear"
D13_part10.csv,raw_data/D13_part10.csv,False,missing_vehicle_id_x_y,50,"time, speed, engine_speed, gear"
D18_part18.csv,raw_data/D18_part18.csv,False,missing_vehicle_id_x_y,50,"time, speed, engine_speed, gear"
D13_part6.csv,raw_data/D13_part6.csv,False,missing_vehicle_id_x_y,50,"time, speed, engine_speed, gear"
D3_part47.csv,raw_data/D3_part47.csv,False,missing_vehicle_id_x_y,50,"time, speed, engine_speed, gear"
part13_1.csv,raw_data/part13_1.csv,False,missing_vehicle_id_x_y_time_or_frame,4,"date, 30, 9, 2020"
D3_part53.csv,raw_data/D3_part53.csv,False,missing_vehicle_id_x_y,50,"time, speed, engine_speed, gear"
Long setting vehs in mixed timegap experiment handling.csv,raw_data/Long setting vehs in mixed timegap experiment handling.csv,False,too_few_columns,13,"filename, long_timegap_setting"
ASta_040719_platoon10.csv,raw_data/ASta_040719_platoon10.csv,False,missing_vehicle_id_x_y_time_or_frame,50,"date, 4, 7, 2019, unnamed:_4, unnamed:_5, unnamed:_6, unnamed:_7, unnamed:_8, unnamed:_9, unnamed:_10, unnamed:_11, unnamed:_12, unnamed:_13, unnamed:_14, unnamed:_15, unnamed:_16, unnamed:_17, unnamed:_18, unnamed:_19, unnamed:_20, unnamed:_21, unnamed:_22, unnamed:_23, unnamed:_24, unnamed:_25, unnamed:_26, unnamed:_27, unnamed:_28, unnamed:_29, unnamed:_30, unnamed:_31, unnamed:_32, unnamed:_33, unnamed:_34, unnamed:_35, unnamed:_36, unnamed:_37, unnamed:_38, unnamed:_39, unnamed:_40, unnamed:_41, unnamed:_42, unnamed:_43, unnamed:_44, unnamed:_45, unnamed:_46, unnamed:_47, unnamed:_48, unnamed:_49, unnamed:_50, unnamed:_51, unnamed:_52, unnamed:_53, unnamed:_54, unnamed:_55, unnamed:_56, unnamed:_57, unnamed:_58, unnamed:_59, unnamed:_60, unnamed:_61, unnamed:_62, unnamed:_63, unnamed:_64, unnamed:_65"
D10_part22.csv,raw_data/D10_part22.csv,False,missing_vehicle_id_x_y,50,"time, speed, engine_speed, gear"
part9_2.csv,raw_data/part9_2.csv,False,missing_vehicle_id_x_y_time_or_frame,4,"date, 30, 9, 2020"
part11.csv,raw_data/part11.csv,False,missing_vehicle_id_x_y_time_or_frame,4,"date, 27, 10, 2020"
D3_part57.csv,raw_data/D3_part57.csv,False,missing_vehicle_id_x_y,50,"time, speed, engine_speed, gear"
D3_part43.csv,raw_data/D3_part43.csv,False,missing_vehicle_id_x_y,50,"time, speed, engine_speed, gear"
D20_part4.csv,raw_data/D20_part4.csv,False,missing_vehicle_id_x_y,50,"time, speed, engine_speed, gear"
D13_part28.csv,raw_data/D13_part28.csv,False,missing_vehicle_id_x_y,50,"time, speed, engine_speed, gear"
D18_part20.csv,raw_data/D18_part20.csv,False,missing_vehicle_id_x_y,50,"time, speed, engine_speed, gear"
D3_part80.csv,raw_data/D3_part80.csv,False,missing_vehicle_id_x_y,50,"time, speed, engine_speed, gear"
D13_part2.csv,raw_data/D13_part2.csv,False,missing_vehicle_id_x_y,50,"time, speed, engine_speed, gear"
D13_part14.csv,raw_data/D13_part14.csv,False,missing_vehicle_id_x_y,50,"time, speed, engine_speed, gear"
Cher-JRC_240918_rec1_part2.csv,raw_data/Cher-JRC_240918_rec1_part2.csv,False,missing_vehicle_id_x_y_time_or_frame,50,"date, 24, 9, 2018, unnamed:_4, unnamed:_5, unnamed:_6, unnamed:_7, unnamed:_8, unnamed:_9, unnamed:_10, unnamed:_11, unnamed:_12, unnamed:_13, unnamed:_14, unnamed:_15, unnamed:_16, unnamed:_17, unnamed:_18, unnamed:_19, unnamed:_20, unnamed:_21, unnamed:_22, unnamed:_23, unnamed:_24, unnamed:_25, unnamed:_26, unnamed:_27, unnamed:_28, unnamed:_29, unnamed:_30, unnamed:_31, unnamed:_32, unnamed:_33, unnamed:_34, unnamed:_35, unnamed:_36, unnamed:_37"
VC-JRC_270219_part1.csv,raw_data/VC-JRC_270219_part1.csv,False,missing_vehicle_id_x_y_time_or_frame,50,"date, 27, 2, 2019, unnamed:_4, unnamed:_5, unnamed:_6, unnamed:_7, unnamed:_8, unnamed:_9, unnamed:_10, unnamed:_11, unnamed:_12, unnamed:_13, unnamed:_14, unnamed:_15, unnamed:_16, unnamed:_17, unnamed:_18, unnamed:_19, unnamed:_20, unnamed:_21, unnamed:_22, unnamed:_23, unnamed:_24, unnamed:_25, unnamed:_26, unnamed:_27, unnamed:_28, unnamed:_29, unnamed:_30, unnamed:_31, unnamed:_32, unnamed:_33, unnamed:_34, unnamed:_35, unnamed:_36, unnamed:_37, unnamed:_38, unnamed:_39, unnamed:_40, unnamed:_41, unnamed:_42, unnamed:_43, unnamed:_44, unnamed:_45, unnamed:_46, unnamed:_47, unnamed:_48, unnamed:_49, unnamed:_50, unnamed:_51, unnamed:_52, unnamed:_53, unnamed:_54, unnamed:_55, unnamed:_56, unnamed:_57, unnamed:_58, unnamed:_59, unnamed:_60, unnamed:_61, unnamed:_62, unnamed:_63, unnamed:_64, unnamed:_65, unnamed:_66, unnamed:_67, unnamed:_68, unnamed:_69, unnamed:_70"
D1_part21.csv,raw_data/D1_part21.csv,False,missing_vehicle_id_x_y,50,"time, speed, engine_speed, gear"
D15_part23.csv,raw_data/D15_part23.csv,False,missing_vehicle_id_x_y,50,"time, speed, engine_speed, gear"
D15_part5.csv,raw_data/D15_part5.csv,False,missing_vehicle_id_x_y,50,"time, speed, engine_speed, gear"
JRC-VC_260219_part3.csv,raw_data/JRC-VC_260219_part3.csv,False,missing_vehicle_id_x_y_time_or_frame,50,"date, 26, 2, 2019, unnamed:_4, unnamed:_5, unnamed:_6, unnamed:_7, unnamed:_8, unnamed:_9, unnamed:_10, unnamed:_11, unnamed:_12, unnamed:_13, unnamed:_14, unnamed:_15, unnamed:_16, unnamed:_17, unnamed:_18, unnamed:_19, unnamed:_20, unnamed:_21, unnamed:_22, unnamed:_23, unnamed:_24, unnamed:_25, unnamed:_26, unnamed:_27, unnamed:_28, unnamed:_29, unnamed:_30, unnamed:_31, unnamed:_32, unnamed:_33, unnamed:_34, unnamed:_35, unnamed:_36, unnamed:_37, unnamed:_38, unnamed:_39, unnamed:_40, unnamed:_41, unnamed:_42, unnamed:_43, unnamed:_44, unnamed:_45, unnamed:_46, unnamed:_47, unnamed:_48, unnamed:_49, unnamed:_50, unnamed:_51, unnamed:_52, unnamed:_53, unnamed:_54, unnamed:_55, unnamed:_56, unnamed:_57, unnamed:_58, unnamed:_59, unnamed:_60, unnamed:_61, unnamed:_62, unnamed:_63, unnamed:_64, unnamed:_65, unnamed:_66, unnamed:_67, unnamed:_68, unnamed:_69, unnamed:_70"
D2_part13.csv,raw_data/D2_part13.csv,False,missing_vehicle_id_x_y,50,"time, speed, engine_speed, gear"
D16_part11.csv,raw_data/D16_part11.csv,False,missing_vehicle_id_x_y,50,"time, speed, engine_speed, gear"
D1_part7.csv,raw_data/D1_part7.csv,False,missing_vehicle_id_x_y,50,"time, speed, engine_speed, gear"
part11 (1).csv,raw_data/part11 (1).csv,False,missing_vehicle_id_x_y_time_or_frame,4,"date, 30, 9, 2020"
D18_part6.csv,raw_data/D18_part6.csv,False,missing_vehicle_id_x_y,50,"time, speed, engine_speed, gear"
D18_part7.csv,raw_data/D18_part7.csv,False,missing_vehicle_id_x_y,50,"time, speed, engine_speed, gear"
D1_part6.csv,raw_data/D1_part6.csv,False,missing_vehicle_id_x_y,50,"time, speed, engine_speed, gear"
D16_part10.csv,raw_data/D16_part10.csv,False,missing_vehicle_id_x_y,50,"time, speed, engine_speed, gear"
D2_part12.csv,raw_data/D2_part12.csv,False,missing_vehicle_id_x_y,50,"time, speed, engine_speed, gear"
JRC-VC_260219_part2.csv,raw_data/JRC-VC_260219_part2.csv,False,missing_vehicle_id_x_y_time_or_frame,50,"date, 26, 2, 2019, unnamed:_4, unnamed:_5, unnamed:_6, unnamed:_7, unnamed:_8, unnamed:_9, unnamed:_10, unnamed:_11, unnamed:_12, unnamed:_13, unnamed:_14, unnamed:_15, unnamed:_16, unnamed:_17, unnamed:_18, unnamed:_19, unnamed:_20, unnamed:_21, unnamed:_22, unnamed:_23, unnamed:_24, unnamed:_25, unnamed:_26, unnamed:_27, unnamed:_28, unnamed:_29, unnamed:_30, unnamed:_31, unnamed:_32, unnamed:_33, unnamed:_34, unnamed:_35, unnamed:_36, unnamed:_37, unnamed:_38, unnamed:_39, unnamed:_40, unnamed:_41, unnamed:_42, unnamed:_43, unnamed:_44, unnamed:_45, unnamed:_46, unnamed:_47, unnamed:_48, unnamed:_49, unnamed:_50, unnamed:_51, unnamed:_52, unnamed:_53, unnamed:_54, unnamed:_55, unnamed:_56, unnamed:_57, unnamed:_58, unnamed:_59, unnamed:_60, unnamed:_61, unnamed:_62, unnamed:_63, unnamed:_64, unnamed:_65, unnamed:_66, unnamed:_67, unnamed:_68, unnamed:_69, unnamed:_70"
D15_part4.csv,raw_data/D15_part4.csv,False,missing_vehicle_id_x_y,50,"time, speed, engine_speed, gear"
D15_part22.csv,raw_data/D15_part22.csv,False,missing_vehicle_id_x_y,50,"time, speed, engine_speed, gear"
D1_part20.csv,raw_data/D1_part20.csv,False,missing_vehicle_id_x_y,50,"time, speed, engine_speed, gear"
D13_part3.csv,raw_data/D13_part3.csv,False,missing_vehicle_id_x_y,50,"time, speed, engine_speed, gear"
D13_part15.csv,raw_data/D13_part15.csv,False,missing_vehicle_id_x_y,50,"time, speed, engine_speed, gear"
D3_part81.csv,raw_data/D3_part81.csv,False,missing_vehicle_id_x_y,50,"time, speed, engine_speed, gear"
D18_part21.csv,raw_data/D18_part21.csv,False,missing_vehicle_id_x_y,50,"time, speed, engine_speed, gear"
D13_part29.csv,raw_data/D13_part29.csv,False,missing_vehicle_id_x_y,50,"time, speed, engine_speed, gear"
D7_part1.csv,raw_data/D7_part1.csv,False,missing_vehicle_id_x_y,50,"time, speed, engine_speed, gear"
Cher-JRC_240918_rec1_part1_highway.csv,raw_data/Cher-JRC_240918_rec1_part1_highway.csv,False,missing_vehicle_id_x_y_time_or_frame,50,"date, 24, 9, 2018, unnamed:_4, unnamed:_5, unnamed:_6, unnamed:_7, unnamed:_8, unnamed:_9, unnamed:_10, unnamed:_11, unnamed:_12, unnamed:_13, unnamed:_14, unnamed:_15, unnamed:_16, unnamed:_17, unnamed:_18, unnamed:_19, unnamed:_20, unnamed:_21, unnamed:_22, unnamed:_23, unnamed:_24, unnamed:_25, unnamed:_26, unnamed:_27, unnamed:_28, unnamed:_29, unnamed:_30, unnamed:_31, unnamed:_32, unnamed:_33, unnamed:_34, unnamed:_35, unnamed:_36, unnamed:_37"
D3_part42.csv,raw_data/D3_part42.csv,False,missing_vehicle_id_x_y,50,"time, speed, engine_speed, gear"
D20_part5.csv,raw_data/D20_part5.csv,False,missing_vehicle_id_x_y,50,"time, speed, engine_speed, gear"
D3_part56.csv,raw_data/D3_part56.csv,False,missing_vehicle_id_x_y,50,"time, speed, engine_speed, gear"
part10.csv,raw_data/part10.csv,False,missing_vehicle_id_x_y_time_or_frame,4,"date, 27, 10, 2020"
D10_part19.csv,raw_data/D10_part19.csv,False,missing_vehicle_id_x_y,50,"time, speed, engine_speed, gear"
D10_part9.csv,raw_data/D10_part9.csv,False,missing_vehicle_id_x_y,50,"time, speed, engine_speed, gear"
D9_part8.csv,raw_data/D9_part8.csv,False,missing_vehicle_id_x_y,50,"time, speed, engine_speed, gear"
Cher-JRC_240918_rec2_part2_highway.csv,raw_data/Cher-JRC_240918_rec2_part2_highway.csv,False,missing_vehicle_id_x_y_time_or_frame,50,"date, 24, 9, 2018, unnamed:_4, unnamed:_5, unnamed:_6, unnamed:_7, unnamed:_8, unnamed:_9, unnamed:_10, unnamed:_11, unnamed:_12, unnamed:_13, unnamed:_14, unnamed:_15, unnamed:_16, unnamed:_17, unnamed:_18, unnamed:_19, unnamed:_20, unnamed:_21, unnamed:_22, unnamed:_23, unnamed:_24, unnamed:_25, unnamed:_26, unnamed:_27, unnamed:_28, unnamed:_29, unnamed:_30, unnamed:_31, unnamed:_32, unnamed:_33, unnamed:_34, unnamed:_35, unnamed:_36, unnamed:_37, unnamed:_38, unnamed:_39, unnamed:_40"
part12.csv,raw_data/part12.csv,False,missing_vehicle_id_x_y_time_or_frame,4,"date, 30, 9, 2020"
D20_part7.csv,raw_data/D20_part7.csv,False,missing_vehicle_id_x_y,50,"time, speed, engine_speed, gear"
D3_part40.csv,raw_data/D3_part40.csv,False,missing_vehicle_id_x_y,50,"time, speed, engine_speed, gear"
D3_part54.csv,raw_data/D3_part54.csv,False,missing_vehicle_id_x_y,50,"time, speed, engine_speed, gear"
D3_part68.csv,raw_data/D3_part68.csv,False,missing_vehicle_id_x_y,50,"time, speed, engine_speed, gear"
D3_part83.csv,raw_data/D3_part83.csv,False,missing_vehicle_id_x_y,50,"time, speed, engine_speed, gear"
D18_part23.csv,raw_data/D18_part23.csv,False,missing_vehicle_id_x_y,50,"time, speed, engine_speed, gear"
D13_part17.csv,raw_data/D13_part17.csv,False,missing_vehicle_id_x_y,50,"time, speed, engine_speed, gear"
D13_part1.csv,raw_data/D13_part1.csv,False,missing_vehicle_id_x_y,50,"time, speed, engine_speed, gear"
VC-JRC_270219_part2.csv,raw_data/VC-JRC_270219_part2.csv,False,missing_vehicle_id_x_y_time_or_frame,50,"date, 27, 2, 2019, unnamed:_4, unnamed:_5, unnamed:_6, unnamed:_7, unnamed:_8, unnamed:_9, unnamed:_10, unnamed:_11, unnamed:_12, unnamed:_13, unnamed:_14, unnamed:_15, unnamed:_16, unnamed:_17, unnamed:_18, unnamed:_19, unnamed:_20, unnamed:_21, unnamed:_22, unnamed:_23, unnamed:_24, unnamed:_25, unnamed:_26, unnamed:_27, unnamed:_28, unnamed:_29, unnamed:_30, unnamed:_31, unnamed:_32, unnamed:_33, unnamed:_34, unnamed:_35, unnamed:_36, unnamed:_37, unnamed:_38, unnamed:_39, unnamed:_40, unnamed:_41, unnamed:_42, unnamed:_43, unnamed:_44, unnamed:_45, unnamed:_46, unnamed:_47, unnamed:_48, unnamed:_49, unnamed:_50, unnamed:_51, unnamed:_52, unnamed:_53, unnamed:_54, unnamed:_55, unnamed:_56, unnamed:_57, unnamed:_58, unnamed:_59, unnamed:_60, unnamed:_61, unnamed:_62, unnamed:_63, unnamed:_64, unnamed:_65, unnamed:_66, unnamed:_67, unnamed:_68, unnamed:_69, unnamed:_70"
D1_part22.csv,raw_data/D1_part22.csv,False,missing_vehicle_id_x_y,50,"time, speed, engine_speed, gear"
D15_part20.csv,raw_data/D15_part20.csv,False,missing_vehicle_id_x_y,50,"time, speed, engine_speed, gear"
JRC-Cher_240918_rec2_highway.csv,raw_data/JRC-Cher_240918_rec2_highway.csv,False,missing_vehicle_id_x_y_time_or_frame,50,"date, 24, 9, 2018, unnamed:_4, unnamed:_5, unnamed:_6, unnamed:_7, unnamed:_8, unnamed:_9, unnamed:_10, unnamed:_11, unnamed:_12, unnamed:_13, unnamed:_14, unnamed:_15, unnamed:_16, unnamed:_17, unnamed:_18, unnamed:_19, unnamed:_20, unnamed:_21, unnamed:_22, unnamed:_23, unnamed:_24, unnamed:_25"
part17_2.csv,raw_data/part17_2.csv,False,missing_vehicle_id_x_y_time_or_frame,4,"date, 30, 9, 2020"
D15_part6.csv,raw_data/D15_part6.csv,False,missing_vehicle_id_x_y,50,"time, speed, engine_speed, gear"
D2_part10.csv,raw_data/D2_part10.csv,False,missing_vehicle_id_x_y,50,"time, speed, engine_speed, gear"
D16_part12.csv,raw_data/D16_part12.csv,False,missing_vehicle_id_x_y,50,"time, speed, engine_speed, gear"
D1_part4.csv,raw_data/D1_part4.csv,False,missing_vehicle_id_x_y,50,"time, speed, engine_speed, gear"
D18_part5.csv,raw_data/D18_part5.csv,False,missing_vehicle_id_x_y,50,"time, speed, engine_speed, gear"
D18_part4.csv,raw_data/D18_part4.csv,False,missing_vehicle_id_x_y,50,"time, speed, engine_speed, gear"
D1_part5.csv,raw_data/D1_part5.csv,False,missing_vehicle_id_x_y,50,"time, speed, engine_speed, gear"
D16_part13.csv,raw_data/D16_part13.csv,False,missing_vehicle_id_x_y,50,"time, speed, engine_speed, gear"
D2_part11.csv,raw_data/D2_part11.csv,False,missing_vehicle_id_x_y,50,"time, speed, engine_speed, gear"
D15_part7.csv,raw_data/D15_part7.csv,False,missing_vehicle_id_x_y,50,"time, speed, engine_speed, gear"
D15_part21.csv,raw_data/D15_part21.csv,False,missing_vehicle_id_x_y,50,"time, speed, engine_speed, gear"
D1_part23.csv,raw_data/D1_part23.csv,False,missing_vehicle_id_x_y,50,"time, speed, engine_speed, gear"
part15_1.csv,raw_data/part15_1.csv,False,missing_vehicle_id_x_y_time_or_frame,4,"date, 30, 9, 2020"
D13_part16.csv,raw_data/D13_part16.csv,False,missing_vehicle_id_x_y,50,"time, speed, engine_speed, gear"
D18_part22.csv,raw_data/D18_part22.csv,False,missing_vehicle_id_x_y,50,"time, speed, engine_speed, gear"
D3_part82.csv,raw_data/D3_part82.csv,False,missing_vehicle_id_x_y,50,"time, speed, engine_speed, gear"
D3_part69.csv,raw_data/D3_part69.csv,False,missing_vehicle_id_x_y,50,"time, speed, engine_speed, gear"
D7_part2.csv,raw_data/D7_part2.csv,False,missing_vehicle_id_x_y,50,"time, speed, engine_speed, gear"
D3_part55.csv,raw_data/D3_part55.csv,False,missing_vehicle_id_x_y,50,"time, speed, engine_speed, gear"
D20_part6.csv,raw_data/D20_part6.csv,False,missing_vehicle_id_x_y,50,"time, speed, engine_speed, gear"
D3_part41.csv,raw_data/D3_part41.csv,False,missing_vehicle_id_x_y,50,"time, speed, engine_speed, gear"
D3_part56 (1).csv,raw_data/D3_part56 (1).csv,False,missing_vehicle_id_x_y,50,"time, speed, engine_speed, gear"
D9_part9.csv,raw_data/D9_part9.csv,False,missing_vehicle_id_x_y,50,"time, speed, engine_speed, gear"
D10_part8.csv,raw_data/D10_part8.csv,False,missing_vehicle_id_x_y,50,"time, speed, engine_speed, gear"
D10_part18.csv,raw_data/D10_part18.csv,False,missing_vehicle_id_x_y,50,"time, speed, engine_speed, gear"
D10_part24.csv,raw_data/D10_part24.csv,False,missing_vehicle_id_x_y,50,"time, speed, engine_speed, gear"
D10_part15.csv,raw_data/D10_part15.csv,False,missing_vehicle_id_x_y,50,"time, speed, engine_speed, gear"
D10_part5.csv,raw_data/D10_part5.csv,False,missing_vehicle_id_x_y,50,"time, speed, engine_speed, gear"
D9_part4.csv,raw_data/D9_part4.csv,False,missing_vehicle_id_x_y,50,"time, speed, engine_speed, gear"
D3_part58.csv,raw_data/D3_part58.csv,False,missing_vehicle_id_x_y,50,"time, speed, engine_speed, gear"
D3_part64.csv,raw_data/D3_part64.csv,False,missing_vehicle_id_x_y,50,"time, speed, engine_speed, gear"
D3_part70.csv,raw_data/D3_part70.csv,False,missing_vehicle_id_x_y,50,"time, speed, engine_speed, gear"
D13_part27.csv,raw_data/D13_part27.csv,False,missing_vehicle_id_x_y,50,"time, speed, engine_speed, gear"
D13_part33.csv,raw_data/D13_part33.csv,False,missing_vehicle_id_x_y,50,"time, speed, engine_speed, gear"
D18_part13.csv,raw_data/D18_part13.csv,False,missing_vehicle_id_x_y,50,"time, speed, engine_speed, gear"
handling_part43.csv,raw_data/handling_part43.csv,False,missing_vehicle_id_x_y_time_or_frame,4,"date, 9, 10, 2019"
D16_part2.csv,raw_data/D16_part2.csv,False,missing_vehicle_id_x_y,50,"time, speed, engine_speed, gear"
D1_part12.csv,raw_data/D1_part12.csv,False,missing_vehicle_id_x_y,50,"time, speed, engine_speed, gear"
D15_part10.csv,raw_data/D15_part10.csv,False,missing_vehicle_id_x_y,50,"time, speed, engine_speed, gear"
D16_part22.csv,raw_data/D16_part22.csv,False,missing_vehicle_id_x_y,50,"time, speed, engine_speed, gear"
D9_part14.csv,raw_data/D9_part14.csv,False,missing_vehicle_id_x_y,50,"time, speed, engine_speed, gear"
part8.csv,raw_data/part8.csv,False,missing_vehicle_id_x_y_time_or_frame,4,"date, 27, 10, 2020"
D1_part8.csv,raw_data/D1_part8.csv,False,missing_vehicle_id_x_y,50,"time, speed, engine_speed, gear"
D18_part9.csv,raw_data/D18_part9.csv,False,missing_vehicle_id_x_y,50,"time, speed, engine_speed, gear"
D18_part8.csv,raw_data/D18_part8.csv,False,missing_vehicle_id_x_y,50,"time, speed, engine_speed, gear"
D1_part9.csv,raw_data/D1_part9.csv,False,missing_vehicle_id_x_y,50,"time, speed, engine_speed, gear"
part9.csv,raw_data/part9.csv,False,missing_vehicle_id_x_y_time_or_frame,4,"date, 27, 10, 2020"
D9_part15.csv,raw_data/D9_part15.csv,False,missing_vehicle_id_x_y,50,"time, speed, engine_speed, gear"
D16_part23.csv,raw_data/D16_part23.csv,False,missing_vehicle_id_x_y,50,"time, speed, engine_speed, gear"
D2_part1.csv,raw_data/D2_part1.csv,False,missing_vehicle_id_x_y,50,"time, speed, engine_speed, gear"
D15_part11.csv,raw_data/D15_part11.csv,False,missing_vehicle_id_x_y,50,"time, speed, engine_speed, gear"
D1_part13.csv,raw_data/D1_part13.csv,False,missing_vehicle_id_x_y,50,"time, speed, engine_speed, gear"
part6 (1).csv,raw_data/part6 (1).csv,False,missing_vehicle_id_x_y_time_or_frame,4,"date, 30, 9, 2020"
VC-JRC_260219_part1.csv,raw_data/VC-JRC_260219_part1.csv,False,missing_vehicle_id_x_y_time_or_frame,50,"date, 26, 2, 2019, unnamed:_4, unnamed:_5, unnamed:_6, unnamed:_7, unnamed:_8, unnamed:_9, unnamed:_10, unnamed:_11, unnamed:_12, unnamed:_13, unnamed:_14, unnamed:_15, unnamed:_16, unnamed:_17, unnamed:_18, unnamed:_19, unnamed:_20, unnamed:_21, unnamed:_22, unnamed:_23, unnamed:_24, unnamed:_25, unnamed:_26, unnamed:_27, unnamed:_28, unnamed:_29, unnamed:_30, unnamed:_31, unnamed:_32, unnamed:_33, unnamed:_34, unnamed:_35, unnamed:_36, unnamed:_37, unnamed:_38, unnamed:_39, unnamed:_40, unnamed:_41, unnamed:_42, unnamed:_43, unnamed:_44, unnamed:_45, unnamed:_46, unnamed:_47, unnamed:_48, unnamed:_49, unnamed:_50, unnamed:_51, unnamed:_52, unnamed:_53, unnamed:_54, unnamed:_55, unnamed:_56, unnamed:_57, unnamed:_58, unnamed:_59, unnamed:_60, unnamed:_61, unnamed:_62, unnamed:_63, unnamed:_64, unnamed:_65, unnamed:_66, unnamed:_67, unnamed:_68, unnamed:_69, unnamed:_70"
D16_part3.csv,raw_data/D16_part3.csv,False,missing_vehicle_id_x_y,50,"time, speed, engine_speed, gear"
handling_part42.csv,raw_data/handling_part42.csv,False,missing_vehicle_id_x_y_time_or_frame,4,"date, 9, 10, 2019"
D18_part12.csv,raw_data/D18_part12.csv,False,missing_vehicle_id_x_y,50,"time, speed, engine_speed, gear"
D13_part32.csv,raw_data/D13_part32.csv,False,missing_vehicle_id_x_y,50,"time, speed, engine_speed, gear"
D13_part26.csv,raw_data/D13_part26.csv,False,missing_vehicle_id_x_y,50,"time, speed, engine_speed, gear"
D3_part71.csv,raw_data/D3_part71.csv,False,missing_vehicle_id_x_y,50,"time, speed, engine_speed, gear"
D3_part65.csv,raw_data/D3_part65.csv,False,missing_vehicle_id_x_y,50,"time, speed, engine_speed, gear"
D3_part59.csv,raw_data/D3_part59.csv,False,missing_vehicle_id_x_y,50,"time, speed, engine_speed, gear"
D9_part5.csv,raw_data/D9_part5.csv,False,missing_vehicle_id_x_y,50,"time, speed, engine_speed, gear"
part23.csv,raw_data/part23.csv,False,missing_vehicle_id_x_y_time_or_frame,4,"date, 30, 9, 2020"
D10_part4.csv,raw_data/D10_part4.csv,False,missing_vehicle_id_x_y,50,"time, speed, engine_speed, gear"
D10_part14.csv,raw_data/D10_part14.csv,False,missing_vehicle_id_x_y,50,"time, speed, engine_speed, gear"
D4_part4.csv,raw_data/D4_part4.csv,False,missing_vehicle_id_x_y,50,"time, speed, engine_speed, gear"
D10_part16.csv,raw_data/D10_part16.csv,False,missing_vehicle_id_x_y,50,"time, speed, engine_speed, gear"
D6_part1 (1).csv,raw_data/D6_part1 (1).csv,False,missing_vehicle_id_x_y,50,"time, speed, engine_speed, gear"
D10_part6.csv,raw_data/D10_part6.csv,False,missing_vehicle_id_x_y,50,"time, speed, engine_speed, gear"
D9_part7.csv,raw_data/D9_part7.csv,False,missing_vehicle_id_x_y,50,"time, speed, engine_speed, gear"
D20_part8.csv,raw_data/D20_part8.csv,False,missing_vehicle_id_x_y,50,"time, speed, engine_speed, gear"
D3_part73.csv,raw_data/D3_part73.csv,False,missing_vehicle_id_x_y,50,"time, speed, engine_speed, gear"
D3_part67.csv,raw_data/D3_part67.csv,False,missing_vehicle_id_x_y,50,"time, speed, engine_speed, gear"
D13_part30.csv,raw_data/D13_part30.csv,False,missing_vehicle_id_x_y,50,"time, speed, engine_speed, gear"
D13_part24.csv,raw_data/D13_part24.csv,False,missing_vehicle_id_x_y,50,"time, speed, engine_speed, gear"
D13_part18.csv,raw_data/D13_part18.csv,False,missing_vehicle_id_x_y,50,"time, speed, engine_speed, gear"
D18_part10.csv,raw_data/D18_part10.csv,False,missing_vehicle_id_x_y,50,"time, speed, engine_speed, gear"
handling_part40.csv,raw_data/handling_part40.csv,False,missing_vehicle_id_x_y_time_or_frame,4,"date, 9, 10, 2019"
D16_part1.csv,raw_data/D16_part1.csv,False,missing_vehicle_id_x_y,50,"time, speed, engine_speed, gear"
D1_part11.csv,raw_data/D1_part11.csv,False,missing_vehicle_id_x_y,50,"time, speed, engine_speed, gear"
D2_part3.csv,raw_data/D2_part3.csv,False,missing_vehicle_id_x_y,50,"time, speed, engine_speed, gear"
D15_part13.csv,raw_data/D15_part13.csv,False,missing_vehicle_id_x_y,50,"time, speed, engine_speed, gear"
D16_part35.csv,raw_data/D16_part35.csv,False,missing_vehicle_id_x_y,50,"time, speed, engine_speed, gear"
D16_part21.csv,raw_data/D16_part21.csv,False,missing_vehicle_id_x_y,50,"time, speed, engine_speed, gear"
D15_part9.csv,raw_data/D15_part9.csv,False,missing_vehicle_id_x_y,50,"time, speed, engine_speed, gear"
D9_part16.csv,raw_data/D9_part16.csv,False,missing_vehicle_id_x_y,50,"time, speed, engine_speed, gear"
D15_part8.csv,raw_data/D15_part8.csv,False,missing_vehicle_id_x_y,50,"time, speed, engine_speed, gear"
D16_part20.csv,raw_data/D16_part20.csv,False,missing_vehicle_id_x_y,50,"time, speed, engine_speed, gear"
D16_part34.csv,raw_data/D16_part34.csv,False,missing_vehicle_id_x_y,50,"time, speed, engine_speed, gear"
VC-JRC_260219_part2.csv,raw_data/VC-JRC_260219_part2.csv,False,missing_vehicle_id_x_y_time_or_frame,50,"date, 26, 2, 2019, unnamed:_4, unnamed:_5, unnamed:_6, unnamed:_7, unnamed:_8, unnamed:_9, unnamed:_10, unnamed:_11, unnamed:_12, unnamed:_13, unnamed:_14, unnamed:_15, unnamed:_16, unnamed:_17, unnamed:_18, unnamed:_19, unnamed:_20, unnamed:_21, unnamed:_22, unnamed:_23, unnamed:_24, unnamed:_25, unnamed:_26, unnamed:_27, unnamed:_28, unnamed:_29, unnamed:_30, unnamed:_31, unnamed:_32, unnamed:_33, unnamed:_34, unnamed:_35, unnamed:_36, unnamed:_37, unnamed:_38, unnamed:_39, unnamed:_40, unnamed:_41, unnamed:_42, unnamed:_43, unnamed:_44, unnamed:_45, unnamed:_46, unnamed:_47, unnamed:_48, unnamed:_49, unnamed:_50, unnamed:_51, unnamed:_52, unnamed:_53, unnamed:_54, unnamed:_55, unnamed:_56, unnamed:_57, unnamed:_58, unnamed:_59, unnamed:_60, unnamed:_61, unnamed:_62, unnamed:_63, unnamed:_64, unnamed:_65, unnamed:_66, unnamed:_67, unnamed:_68, unnamed:_69, unnamed:_70"
D15_part12.csv,raw_data/D15_part12.csv,False,missing_vehicle_id_x_y,50,"time, speed, engine_speed, gear"
D2_part2.csv,raw_data/D2_part2.csv,False,missing_vehicle_id_x_y,50,"time, speed, engine_speed, gear"
D1_part10.csv,raw_data/D1_part10.csv,False,missing_vehicle_id_x_y,50,"time, speed, engine_speed, gear"
handling_part41.csv,raw_data/handling_part41.csv,False,missing_vehicle_id_x_y_time_or_frame,4,"date, 9, 10, 2019"
D18_part11.csv,raw_data/D18_part11.csv,False,missing_vehicle_id_x_y,50,"time, speed, engine_speed, gear"
D13_part19.csv,raw_data/D13_part19.csv,False,missing_vehicle_id_x_y,50,"time, speed, engine_speed, gear"
D13_part25.csv,raw_data/D13_part25.csv,False,missing_vehicle_id_x_y,50,"time, speed, engine_speed, gear"
D13_part31.csv,raw_data/D13_part31.csv,False,missing_vehicle_id_x_y,50,"time, speed, engine_speed, gear"
D3_part66.csv,raw_data/D3_part66.csv,False,missing_vehicle_id_x_y,50,"time, speed, engine_speed, gear"
D3_part72.csv,raw_data/D3_part72.csv,False,missing_vehicle_id_x_y,50,"time, speed, engine_speed, gear"
D11_part1 (1).csv,raw_data/D11_part1 (1).csv,False,missing_vehicle_id_x_y,50,"time, speed, engine_speed, gear"
D20_part9.csv,raw_data/D20_part9.csv,False,missing_vehicle_id_x_y,50,"time, speed, engine_speed, gear"
D9_part6.csv,raw_data/D9_part6.csv,False,missing_vehicle_id_x_y,50,"time, speed, engine_speed, gear"
part20.csv,raw_data/part20.csv,False,missing_vehicle_id_x_y_time_or_frame,4,"date, 30, 9, 2020"
D10_part7.csv,raw_data/D10_part7.csv,False,missing_vehicle_id_x_y,50,"time, speed, engine_speed, gear"
D10_part17.csv,raw_data/D10_part17.csv,False,missing_vehicle_id_x_y,50,"time, speed, engine_speed, gear"
D4_part5.csv,raw_data/D4_part5.csv,False,missing_vehicle_id_x_y,50,"time, speed, engine_speed, gear"
D10_part13.csv,raw_data/D10_part13.csv,False,missing_vehicle_id_x_y,50,"time, speed, engine_speed, gear"
D4_part1.csv,raw_data/D4_part1.csv,False,missing_vehicle_id_x_y,50,"time, speed, engine_speed, gear"
D9_part2.csv,raw_data/D9_part2.csv,False,missing_vehicle_id_x_y,50,"time, speed, engine_speed, gear"
part18.csv,raw_data/part18.csv,False,missing_vehicle_id_x_y_time_or_frame,4,"date, 30, 9, 2020"
D10_part3.csv,raw_data/D10_part3.csv,False,missing_vehicle_id_x_y,50,"time, speed, engine_speed, gear"
part24.csv,raw_data/part24.csv,False,missing_vehicle_id_x_y_time_or_frame,4,"date, 30, 9, 2020"
D3_part76.csv,raw_data/D3_part76.csv,False,missing_vehicle_id_x_y,50,"time, speed, engine_speed, gear"
ASta_040719_platoon3 (1).csv,raw_data/ASta_040719_platoon3 (1).csv,False,missing_vehicle_id_x_y_time_or_frame,50,"date, 4, 7, 2019, unnamed:_4, unnamed:_5, unnamed:_6, unnamed:_7, unnamed:_8, unnamed:_9, unnamed:_10, unnamed:_11, unnamed:_12, unnamed:_13, unnamed:_14, unnamed:_15, unnamed:_16, unnamed:_17, unnamed:_18, unnamed:_19, unnamed:_20, unnamed:_21, unnamed:_22, unnamed:_23, unnamed:_24, unnamed:_25, unnamed:_26, unnamed:_27, unnamed:_28, unnamed:_29, unnamed:_30, unnamed:_31, unnamed:_32, unnamed:_33, unnamed:_34, unnamed:_35, unnamed:_36, unnamed:_37, unnamed:_38, unnamed:_39, unnamed:_40, unnamed:_41, unnamed:_42, unnamed:_43, unnamed:_44, unnamed:_45, unnamed:_46, unnamed:_47, unnamed:_48, unnamed:_49, unnamed:_50, unnamed:_51, unnamed:_52, unnamed:_53, unnamed:_54, unnamed:_55, unnamed:_56, unnamed:_57, unnamed:_58, unnamed:_59, unnamed:_60, unnamed:_61, unnamed:_62, unnamed:_63, unnamed:_64, unnamed:_65"
D3_part62.csv,raw_data/D3_part62.csv,False,missing_vehicle_id_x_y,50,"time, speed, engine_speed, gear"
Veh_specifications (1).csv,raw_data/Veh_specifications (1).csv,False,excluded_by_file_name,0,
handling_part45.csv,raw_data/handling_part45.csv,False,missing_vehicle_id_x_y_time_or_frame,4,"date, 9, 10, 2019"
D18_part15.csv,raw_data/D18_part15.csv,False,missing_vehicle_id_x_y,50,"time, speed, engine_speed, gear"
D18_part29.csv,raw_data/D18_part29.csv,False,missing_vehicle_id_x_y,50,"time, speed, engine_speed, gear"
D13_part21.csv,raw_data/D13_part21.csv,False,missing_vehicle_id_x_y,50,"time, speed, engine_speed, gear"
D16_part4.csv,raw_data/D16_part4.csv,False,missing_vehicle_id_x_y,50,"time, speed, engine_speed, gear"
D1_part14.csv,raw_data/D1_part14.csv,False,missing_vehicle_id_x_y,50,"time, speed, engine_speed, gear"
D2_part6.csv,raw_data/D2_part6.csv,False,missing_vehicle_id_x_y,50,"time, speed, engine_speed, gear"
D15_part16.csv,raw_data/D15_part16.csv,False,missing_vehicle_id_x_y,50,"time, speed, engine_speed, gear"
D16_part18.csv,raw_data/D16_part18.csv,False,missing_vehicle_id_x_y,50,"time, speed, engine_speed, gear"
D9_part12.csv,raw_data/D9_part12.csv,False,missing_vehicle_id_x_y,50,"time, speed, engine_speed, gear"
D16_part30.csv,raw_data/D16_part30.csv,False,missing_vehicle_id_x_y,50,"time, speed, engine_speed, gear"
part22_1.csv,raw_data/part22_1.csv,False,missing_vehicle_id_x_y_time_or_frame,4,"date, 30, 9, 2020"
D16_part24.csv,raw_data/D16_part24.csv,False,missing_vehicle_id_x_y,50,"time, speed, engine_speed, gear"
ASta_050719_platoon2.csv,raw_data/ASta_050719_platoon2.csv,False,missing_vehicle_id_x_y_time_or_frame,50,"date, 5, 7, 2019, unnamed:_4, unnamed:_5, unnamed:_6, unnamed:_7, unnamed:_8, unnamed:_9, unnamed:_10, unnamed:_11, unnamed:_12, unnamed:_13, unnamed:_14, unnamed:_15, unnamed:_16, unnamed:_17, unnamed:_18, unnamed:_19, unnamed:_20, unnamed:_21, unnamed:_22, unnamed:_23, unnamed:_24, unnamed:_25, unnamed:_26, unnamed:_27, unnamed:_28, unnamed:_29, unnamed:_30, unnamed:_31, unnamed:_32, unnamed:_33, unnamed:_34, unnamed:_35, unnamed:_36, unnamed:_37, unnamed:_38, unnamed:_39, unnamed:_40, unnamed:_41, unnamed:_42, unnamed:_43, unnamed:_44, unnamed:_45, unnamed:_46, unnamed:_47, unnamed:_48, unnamed:_49, unnamed:_50, unnamed:_51, unnamed:_52, unnamed:_53, unnamed:_54, unnamed:_55, unnamed:_56, unnamed:_57, unnamed:_58, unnamed:_59, unnamed:_60, unnamed:_61, unnamed:_62, unnamed:_63, unnamed:_64, unnamed:_65"
D1_part1 (1).csv,raw_data/D1_part1 (1).csv,False,missing_vehicle_id_x_y,50,"time, speed, engine_speed, gear"
D16_part25.csv,raw_data/D16_part25.csv,False,missing_vehicle_id_x_y,50,"time, speed, engine_speed, gear"
D16_part31.csv,raw_data/D16_part31.csv,False,missing_vehicle_id_x_y,50,"time, speed, engine_speed, gear"
D9_part13.csv,raw_data/D9_part13.csv,False,missing_vehicle_id_x_y,50,"time, speed, engine_speed, gear"
D16_part19.csv,raw_data/D16_part19.csv,False,missing_vehicle_id_x_y,50,"time, speed, engine_speed, gear"
D15_part17.csv,raw_data/D15_part17.csv,False,missing_vehicle_id_x_y,50,"time, speed, engine_speed, gear"
D2_part7.csv,raw_data/D2_part7.csv,False,missing_vehicle_id_x_y,50,"time, speed, engine_speed, gear"
D1_part15.csv,raw_data/D1_part15.csv,False,missing_vehicle_id_x_y,50,"time, speed, engine_speed, gear"
D16_part5.csv,raw_data/D16_part5.csv,False,missing_vehicle_id_x_y,50,"time, speed, engine_speed, gear"
D13_part20.csv,raw_data/D13_part20.csv,False,missing_vehicle_id_x_y,50,"time, speed, engine_speed, gear"
D18_part28.csv,raw_data/D18_part28.csv,False,missing_vehicle_id_x_y,50,"time, speed, engine_speed, gear"
D3_part88.csv,raw_data/D3_part88.csv,False,missing_vehicle_id_x_y,50,"time, speed, engine_speed, gear"
D13_part34.csv,raw_data/D13_part34.csv,False,missing_vehicle_id_x_y,50,"time, speed, engine_speed, gear"
D18_part14.csv,raw_data/D18_part14.csv,False,missing_vehicle_id_x_y,50,"time, speed, engine_speed, gear"
handling_part44.csv,raw_data/handling_part44.csv,False,missing_vehicle_id_x_y_time_or_frame,4,"date, 9, 10, 2019"
D3_part63.csv,raw_data/D3_part63.csv,False,missing_vehicle_id_x_y,50,"time, speed, engine_speed, gear"
D3_part77.csv,raw_data/D3_part77.csv,False,missing_vehicle_id_x_y,50,"time, speed, engine_speed, gear"
D10_part2.csv,raw_data/D10_part2.csv,False,missing_vehicle_id_x_y,50,"time, speed, engine_speed, gear"
part19.csv,raw_data/part19.csv,False,missing_vehicle_id_x_y_time_or_frame,4,"date, 30, 9, 2020"
D9_part3.csv,raw_data/D9_part3.csv,False,missing_vehicle_id_x_y,50,"time, speed, engine_speed, gear"
D10_part12.csv,raw_data/D10_part12.csv,False,missing_vehicle_id_x_y,50,"time, speed, engine_speed, gear"
D10_part10.csv,raw_data/D10_part10.csv,False,missing_vehicle_id_x_y,50,"time, speed, engine_speed, gear"
D4_part2.csv,raw_data/D4_part2.csv,False,missing_vehicle_id_x_y,50,"time, speed, engine_speed, gear"
D9_part1.csv,raw_data/D9_part1.csv,False,missing_vehicle_id_x_y,50,"time, speed, engine_speed, gear"
D3_part61.csv,raw_data/D3_part61.csv,False,missing_vehicle_id_x_y,50,"time, speed, engine_speed, gear"
D3_part75.csv,raw_data/D3_part75.csv,False,missing_vehicle_id_x_y,50,"time, speed, engine_speed, gear"
D3_part49.csv,raw_data/D3_part49.csv,False,missing_vehicle_id_x_y,50,"time, speed, engine_speed, gear"
D13_part8.csv,raw_data/D13_part8.csv,False,missing_vehicle_id_x_y,50,"time, speed, engine_speed, gear"
handling_part46.csv,raw_data/handling_part46.csv,False,missing_vehicle_id_x_y_time_or_frame,4,"date, 9, 10, 2019"
D18_part16.csv,raw_data/D18_part16.csv,False,missing_vehicle_id_x_y,50,"time, speed, engine_speed, gear"
D13_part22.csv,raw_data/D13_part22.csv,False,missing_vehicle_id_x_y,50,"time, speed, engine_speed, gear"
D16_part7.csv,raw_data/D16_part7.csv,False,missing_vehicle_id_x_y,50,"time, speed, engine_speed, gear"
D1_part17.csv,raw_data/D1_part17.csv,False,missing_vehicle_id_x_y,50,"time, speed, engine_speed, gear"
D15_part15.csv,raw_data/D15_part15.csv,False,missing_vehicle_id_x_y,50,"time, speed, engine_speed, gear"
D2_part5.csv,raw_data/D2_part5.csv,False,missing_vehicle_id_x_y,50,"time, speed, engine_speed, gear"
D9_part11.csv,raw_data/D9_part11.csv,False,missing_vehicle_id_x_y,50,"time, speed, engine_speed, gear"
D16_part27.csv,raw_data/D16_part27.csv,False,missing_vehicle_id_x_y,50,"time, speed, engine_speed, gear"
D16_part33.csv,raw_data/D16_part33.csv,False,missing_vehicle_id_x_y,50,"time, speed, engine_speed, gear"
ASta_050719_platoon1.csv,raw_data/ASta_050719_platoon1.csv,False,missing_vehicle_id_x_y_time_or_frame,50,"date, 5, 7, 2019, unnamed:_4, unnamed:_5, unnamed:_6, unnamed:_7, unnamed:_8, unnamed:_9, unnamed:_10, unnamed:_11, unnamed:_12, unnamed:_13, unnamed:_14, unnamed:_15, unnamed:_16, unnamed:_17, unnamed:_18, unnamed:_19, unnamed:_20, unnamed:_21, unnamed:_22, unnamed:_23, unnamed:_24, unnamed:_25, unnamed:_26, unnamed:_27, unnamed:_28, unnamed:_29, unnamed:_30, unnamed:_31, unnamed:_32, unnamed:_33, unnamed:_34, unnamed:_35, unnamed:_36, unnamed:_37, unnamed:_38, unnamed:_39, unnamed:_40, unnamed:_41, unnamed:_42, unnamed:_43, unnamed:_44, unnamed:_45, unnamed:_46, unnamed:_47, unnamed:_48, unnamed:_49, unnamed:_50, unnamed:_51, unnamed:_52, unnamed:_53, unnamed:_54, unnamed:_55, unnamed:_56, unnamed:_57, unnamed:_58, unnamed:_59, unnamed:_60, unnamed:_61, unnamed:_62, unnamed:_63, unnamed:_64, unnamed:_65"
part7 (1).csv,raw_data/part7 (1).csv,False,missing_vehicle_id_x_y_time_or_frame,4,"date, 30, 9, 2020"
D16_part32.csv,raw_data/D16_part32.csv,False,missing_vehicle_id_x_y,50,"time, speed, engine_speed, gear"
D16_part26.csv,raw_data/D16_part26.csv,False,missing_vehicle_id_x_y,50,"time, speed, engine_speed, gear"
Cher-JRC_240918_rec2_part1.csv,raw_data/Cher-JRC_240918_rec2_part1.csv,False,missing_vehicle_id_x_y_time_or_frame,50,"date, 24, 9, 2018, unnamed:_4, unnamed:_5, unnamed:_6, unnamed:_7, unnamed:_8, unnamed:_9, unnamed:_10, unnamed:_11, unnamed:_12, unnamed:_13, unnamed:_14, unnamed:_15, unnamed:_16, unnamed:_17, unnamed:_18, unnamed:_19, unnamed:_20, unnamed:_21, unnamed:_22, unnamed:_23, unnamed:_24, unnamed:_25, unnamed:_26, unnamed:_27, unnamed:_28, unnamed:_29, unnamed:_30, unnamed:_31, unnamed:_32, unnamed:_33, unnamed:_34, unnamed:_35, unnamed:_36, unnamed:_37, unnamed:_38, unnamed:_39, unnamed:_40"
D9_part10.csv,raw_data/D9_part10.csv,False,missing_vehicle_id_x_y,50,"time, speed, engine_speed, gear"
D2_part4.csv,raw_data/D2_part4.csv,False,missing_vehicle_id_x_y,50,"time, speed, engine_speed, gear"
D15_part14.csv,raw_data/D15_part14.csv,False,missing_vehicle_id_x_y,50,"time, speed, engine_speed, gear"
D1_part16.csv,raw_data/D1_part16.csv,False,missing_vehicle_id_x_y,50,"time, speed, engine_speed, gear"
D16_part6.csv,raw_data/D16_part6.csv,False,missing_vehicle_id_x_y,50,"time, speed, engine_speed, gear"
D13_part23.csv,raw_data/D13_part23.csv,False,missing_vehicle_id_x_y,50,"time, speed, engine_speed, gear"
D13_part9.csv,raw_data/D13_part9.csv,False,missing_vehicle_id_x_y,50,"time, speed, engine_speed, gear"
D18_part17.csv,raw_data/D18_part17.csv,False,missing_vehicle_id_x_y,50,"time, speed, engine_speed, gear"
handling_part47.csv,raw_data/handling_part47.csv,False,missing_vehicle_id_x_y_time_or_frame,4,"date, 9, 10, 2019"
D3_part48.csv,raw_data/D3_part48.csv,False,missing_vehicle_id_x_y,50,"time, speed, engine_speed, gear"
D3_part74.csv,raw_data/D3_part74.csv,False,missing_vehicle_id_x_y,50,"time, speed, engine_speed, gear"
D3_part60.csv,raw_data/D3_part60.csv,False,missing_vehicle_id_x_y,50,"time, speed, engine_speed, gear"
ZalaZONE_veh_specifications.csv,raw_data/ZalaZONE_veh_specifications.csv,False,excluded_by_file_name,0,
D10_part1.csv,raw_data/D10_part1.csv,False,missing_vehicle_id_x_y,50,"time, speed, engine_speed, gear"
D4_part3.csv,raw_data/D4_part3.csv,False,missing_vehicle_id_x_y,50,"time, speed, engine_speed, gear"
D10_part11.csv,raw_data/D10_part11.csv,False,missing_vehicle_id_x_y,50,"time, speed, engine_speed, gear"
D17_part2.csv,raw_data/D17_part2.csv,False,missing_vehicle_id_x_y,50,"time, speed, engine_speed, gear"
JRC-Cher_3008_rec2_part2.csv,raw_data/JRC-Cher_3008_rec2_part2.csv,False,missing_vehicle_id_x_y_time_or_frame,50,"date, 30, 8, 2018, unnamed:_4, unnamed:_5, unnamed:_6, unnamed:_7, unnamed:_8, unnamed:_9, unnamed:_10, unnamed:_11, unnamed:_12, unnamed:_13, unnamed:_14, unnamed:_15, unnamed:_16, unnamed:_17, unnamed:_18, unnamed:_19, unnamed:_20, unnamed:_21, unnamed:_22, unnamed:_23, unnamed:_24, unnamed:_25"
D20_part11.csv,raw_data/D20_part11.csv,False,missing_vehicle_id_x_y,50,"time, speed, engine_speed, gear"
handling_part7.csv,raw_data/handling_part7.csv,False,missing_vehicle_id_x_y_time_or_frame,4,"date, 9, 10, 2019"
D8_part27.csv,raw_data/D8_part27.csv,False,missing_vehicle_id_x_y,50,"time, speed, engine_speed, gear"
D17_part11.csv,raw_data/D17_part11.csv,False,missing_vehicle_id_x_y,50,"time, speed, engine_speed, gear"
D3_part13.csv,raw_data/D3_part13.csv,False,missing_vehicle_id_x_y,50,"time, speed, engine_speed, gear"
D19_part9.csv,raw_data/D19_part9.csv,False,missing_vehicle_id_x_y,50,"time, speed, engine_speed, gear"
handling_part20.csv,raw_data/handling_part20.csv,False,missing_vehicle_id_x_y_time_or_frame,4,"date, 9, 10, 2019"
handling_part34.csv,raw_data/handling_part34.csv,False,missing_vehicle_id_x_y_time_or_frame,4,"date, 9, 10, 2019"
JRC-Cher_300818_rec1_part2.csv,raw_data/JRC-Cher_300818_rec1_part2.csv,False,missing_vehicle_id_x_y_time_or_frame,50,"date, 30, 8, 2018, unnamed:_4, unnamed:_5, unnamed:_6, unnamed:_7, unnamed:_8, unnamed:_9, unnamed:_10, unnamed:_11, unnamed:_12, unnamed:_13, unnamed:_14, unnamed:_15, unnamed:_16, unnamed:_17, unnamed:_18, unnamed:_19, unnamed:_20, unnamed:_21, unnamed:_22, unnamed:_23, unnamed:_24, unnamed:_25"
D5_part7.csv,raw_data/D5_part7.csv,False,missing_vehicle_id_x_y,50,"time, speed, engine_speed, gear"
D8_part4.csv,raw_data/D8_part4.csv,False,missing_vehicle_id_x_y,50,"time, speed, engine_speed, gear"
dynamic_part24.csv,raw_data/dynamic_part24.csv,False,missing_vehicle_id_x_y_time_or_frame,4,"date, 8, 10, 2019"
D11_part5.csv,raw_data/D11_part5.csv,False,missing_vehicle_id_x_y,50,"time, speed, engine_speed, gear"
dynamic_part18.csv,raw_data/dynamic_part18.csv,False,missing_vehicle_id_x_y_time_or_frame,4,"date, 8, 10, 2019"
ASta_040719_platoon5.csv,raw_data/ASta_040719_platoon5.csv,False,missing_vehicle_id_x_y_time_or_frame,50,"date, 4, 7, 2019, unnamed:_4, unnamed:_5, unnamed:_6, unnamed:_7, unnamed:_8, unnamed:_9, unnamed:_10, unnamed:_11, unnamed:_12, unnamed:_13, unnamed:_14, unnamed:_15, unnamed:_16, unnamed:_17, unnamed:_18, unnamed:_19, unnamed:_20, unnamed:_21, unnamed:_22, unnamed:_23, unnamed:_24, unnamed:_25, unnamed:_26, unnamed:_27, unnamed:_28, unnamed:_29, unnamed:_30, unnamed:_31, unnamed:_32, unnamed:_33, unnamed:_34, unnamed:_35, unnamed:_36, unnamed:_37, unnamed:_38, unnamed:_39, unnamed:_40, unnamed:_41, unnamed:_42, unnamed:_43, unnamed:_44, unnamed:_45, unnamed:_46, unnamed:_47, unnamed:_48, unnamed:_49, unnamed:_50, unnamed:_51, unnamed:_52, unnamed:_53, unnamed:_54, unnamed:_55, unnamed:_56, unnamed:_57, unnamed:_58, unnamed:_59, unnamed:_60, unnamed:_61, unnamed:_62, unnamed:_63, unnamed:_64, unnamed:_65"
dynamic_part2.csv,raw_data/dynamic_part2.csv,False,missing_vehicle_id_x_y_time_or_frame,4,"date, 8, 10, 2019"
dynamic_part3.csv,raw_data/dynamic_part3.csv,False,missing_vehicle_id_x_y_time_or_frame,4,"date, 8, 10, 2019"
ASta_040719_platoon4.csv,raw_data/ASta_040719_platoon4.csv,False,missing_vehicle_id_x_y_time_or_frame,50,"date, 4, 7, 2019, unnamed:_4, unnamed:_5, unnamed:_6, unnamed:_7, unnamed:_8, unnamed:_9, unnamed:_10, unnamed:_11, unnamed:_12, unnamed:_13, unnamed:_14, unnamed:_15, unnamed:_16, unnamed:_17, unnamed:_18, unnamed:_19, unnamed:_20, unnamed:_21, unnamed:_22, unnamed:_23, unnamed:_24, unnamed:_25, unnamed:_26, unnamed:_27, unnamed:_28, unnamed:_29, unnamed:_30, unnamed:_31, unnamed:_32, unnamed:_33, unnamed:_34, unnamed:_35, unnamed:_36, unnamed:_37, unnamed:_38, unnamed:_39, unnamed:_40, unnamed:_41, unnamed:_42, unnamed:_43, unnamed:_44, unnamed:_45, unnamed:_46, unnamed:_47, unnamed:_48, unnamed:_49, unnamed:_50, unnamed:_51, unnamed:_52, unnamed:_53, unnamed:_54, unnamed:_55, unnamed:_56, unnamed:_57, unnamed:_58, unnamed:_59, unnamed:_60, unnamed:_61, unnamed:_62, unnamed:_63, unnamed:_64, unnamed:_65"
dynamic_part19.csv,raw_data/dynamic_part19.csv,False,missing_vehicle_id_x_y_time_or_frame,4,"date, 8, 10, 2019"
D11_part4.csv,raw_data/D11_part4.csv,False,missing_vehicle_id_x_y,50,"time, speed, engine_speed, gear"
D8_part5.csv,raw_data/D8_part5.csv,False,missing_vehicle_id_x_y,50,"time, speed, engine_speed, gear"
dynamic_part25.csv,raw_data/dynamic_part25.csv,False,missing_vehicle_id_x_y_time_or_frame,4,"date, 8, 10, 2019"
D5_part6.csv,raw_data/D5_part6.csv,False,missing_vehicle_id_x_y,50,"time, speed, engine_speed, gear"
JRC-Cher_300818_rec1_part3.csv,raw_data/JRC-Cher_300818_rec1_part3.csv,False,missing_vehicle_id_x_y_time_or_frame,50,"date, 30, 8, 2018, unnamed:_4, unnamed:_5, unnamed:_6, unnamed:_7, unnamed:_8, unnamed:_9, unnamed:_10, unnamed:_11, unnamed:_12, unnamed:_13, unnamed:_14, unnamed:_15, unnamed:_16, unnamed:_17, unnamed:_18, unnamed:_19, unnamed:_20, unnamed:_21, unnamed:_22, unnamed:_23, unnamed:_24, unnamed:_25"
handling_part35.csv,raw_data/handling_part35.csv,False,missing_vehicle_id_x_y_time_or_frame,4,"date, 9, 10, 2019"
handling_part21.csv,raw_data/handling_part21.csv,False,missing_vehicle_id_x_y_time_or_frame,4,"date, 9, 10, 2019"
D19_part8.csv,raw_data/D19_part8.csv,False,missing_vehicle_id_x_y,50,"time, speed, engine_speed, gear"
D3_part12.csv,raw_data/D3_part12.csv,False,missing_vehicle_id_x_y,50,"time, speed, engine_speed, gear"
D17_part10.csv,raw_data/D17_part10.csv,False,missing_vehicle_id_x_y,50,"time, speed, engine_speed, gear"
D8_part26.csv,raw_data/D8_part26.csv,False,missing_vehicle_id_x_y,50,"time, speed, engine_speed, gear"
handling_part6.csv,raw_data/handling_part6.csv,False,missing_vehicle_id_x_y_time_or_frame,4,"date, 9, 10, 2019"
D20_part10.csv,raw_data/D20_part10.csv,False,missing_vehicle_id_x_y,50,"time, speed, engine_speed, gear"
D8_part32.csv,raw_data/D8_part32.csv,False,missing_vehicle_id_x_y,50,"time, speed, engine_speed, gear"
D3_part1.csv,raw_data/D3_part1.csv,False,missing_vehicle_id_x_y,50,"time, speed, engine_speed, gear"
D17_part3.csv,raw_data/D17_part3.csv,False,missing_vehicle_id_x_y,50,"time, speed, engine_speed, gear"
JRC-Cher_3008_rec2_part1.csv,raw_data/JRC-Cher_3008_rec2_part1.csv,False,missing_vehicle_id_x_y_time_or_frame,50,"date, 30, 8, 2018, unnamed:_4, unnamed:_5, unnamed:_6, unnamed:_7, unnamed:_8, unnamed:_9, unnamed:_10, unnamed:_11, unnamed:_12, unnamed:_13, unnamed:_14, unnamed:_15, unnamed:_16, unnamed:_17, unnamed:_18, unnamed:_19, unnamed:_20, unnamed:_21, unnamed:_22, unnamed:_23, unnamed:_24, unnamed:_25"
D17_part1.csv,raw_data/D17_part1.csv,False,missing_vehicle_id_x_y,50,"time, speed, engine_speed, gear"
D3_part3.csv,raw_data/D3_part3.csv,False,missing_vehicle_id_x_y,50,"time, speed, engine_speed, gear"
D8_part24.csv,raw_data/D8_part24.csv,False,missing_vehicle_id_x_y,50,"time, speed, engine_speed, gear"
D20_part12.csv,raw_data/D20_part12.csv,False,missing_vehicle_id_x_y,50,"time, speed, engine_speed, gear"
D8_part30.csv,raw_data/D8_part30.csv,False,missing_vehicle_id_x_y,50,"time, speed, engine_speed, gear"
D3_part38.csv,raw_data/D3_part38.csv,False,missing_vehicle_id_x_y,50,"time, speed, engine_speed, gear"
handling_part4.csv,raw_data/handling_part4.csv,False,missing_vehicle_id_x_y_time_or_frame,4,"date, 9, 10, 2019"
D17_part12.csv,raw_data/D17_part12.csv,False,missing_vehicle_id_x_y,50,"time, speed, engine_speed, gear"
D8_part18.csv,raw_data/D8_part18.csv,False,missing_vehicle_id_x_y,50,"time, speed, engine_speed, gear"
D3_part10.csv,raw_data/D3_part10.csv,False,missing_vehicle_id_x_y,50,"time, speed, engine_speed, gear"
D14_part9.csv,raw_data/D14_part9.csv,False,missing_vehicle_id_x_y,50,"time, speed, engine_speed, gear"
handling_part37.csv,raw_data/handling_part37.csv,False,missing_vehicle_id_x_y_time_or_frame,4,"date, 9, 10, 2019"
handling_part23.csv,raw_data/handling_part23.csv,False,missing_vehicle_id_x_y_time_or_frame,4,"date, 9, 10, 2019"
D5_part4.csv,raw_data/D5_part4.csv,False,missing_vehicle_id_x_y,50,"time, speed, engine_speed, gear"
D8_part7.csv,raw_data/D8_part7.csv,False,missing_vehicle_id_x_y,50,"time, speed, engine_speed, gear"
D11_part6.csv,raw_data/D11_part6.csv,False,missing_vehicle_id_x_y,50,"time, speed, engine_speed, gear"
dynamic_part1.csv,raw_data/dynamic_part1.csv,False,missing_vehicle_id_x_y_time_or_frame,4,"date, 8, 10, 2019"
ASta_040719_platoon6.csv,raw_data/ASta_040719_platoon6.csv,False,missing_vehicle_id_x_y_time_or_frame,50,"date, 4, 7, 2019, unnamed:_4, unnamed:_5, unnamed:_6, unnamed:_7, unnamed:_8, unnamed:_9, unnamed:_10, unnamed:_11, unnamed:_12, unnamed:_13, unnamed:_14, unnamed:_15, unnamed:_16, unnamed:_17, unnamed:_18, unnamed:_19, unnamed:_20, unnamed:_21, unnamed:_22, unnamed:_23, unnamed:_24, unnamed:_25, unnamed:_26, unnamed:_27, unnamed:_28, unnamed:_29, unnamed:_30, unnamed:_31, unnamed:_32, unnamed:_33, unnamed:_34, unnamed:_35, unnamed:_36, unnamed:_37, unnamed:_38, unnamed:_39, unnamed:_40, unnamed:_41, unnamed:_42, unnamed:_43, unnamed:_44, unnamed:_45, unnamed:_46, unnamed:_47, unnamed:_48, unnamed:_49, unnamed:_50, unnamed:_51, unnamed:_52, unnamed:_53, unnamed:_54, unnamed:_55, unnamed:_56, unnamed:_57, unnamed:_58, unnamed:_59, unnamed:_60, unnamed:_61, unnamed:_62, unnamed:_63, unnamed:_64, unnamed:_65"
ASta_040719_platoon7.csv,raw_data/ASta_040719_platoon7.csv,False,missing_vehicle_id_x_y_time_or_frame,50,"date, 4, 7, 2019, unnamed:_4, unnamed:_5, unnamed:_6, unnamed:_7, unnamed:_8, unnamed:_9, unnamed:_10, unnamed:_11, unnamed:_12, unnamed:_13, unnamed:_14, unnamed:_15, unnamed:_16, unnamed:_17, unnamed:_18, unnamed:_19, unnamed:_20, unnamed:_21, unnamed:_22, unnamed:_23, unnamed:_24, unnamed:_25, unnamed:_26, unnamed:_27, unnamed:_28, unnamed:_29, unnamed:_30, unnamed:_31, unnamed:_32, unnamed:_33, unnamed:_34, unnamed:_35, unnamed:_36, unnamed:_37, unnamed:_38, unnamed:_39, unnamed:_40, unnamed:_41, unnamed:_42, unnamed:_43, unnamed:_44, unnamed:_45, unnamed:_46, unnamed:_47, unnamed:_48, unnamed:_49, unnamed:_50, unnamed:_51, unnamed:_52, unnamed:_53, unnamed:_54, unnamed:_55, unnamed:_56, unnamed:_57, unnamed:_58, unnamed:_59, unnamed:_60, unnamed:_61, unnamed:_62, unnamed:_63, unnamed:_64, unnamed:_65"
D11_part7.csv,raw_data/D11_part7.csv,False,missing_vehicle_id_x_y,50,"time, speed, engine_speed, gear"
JRC-Cher_300818_rec1_part1_highway.csv,raw_data/JRC-Cher_300818_rec1_part1_highway.csv,False,missing_vehicle_id_x_y_time_or_frame,50,"date, 30, 8, 2018, unnamed:_4, unnamed:_5, unnamed:_6, unnamed:_7, unnamed:_8, unnamed:_9, unnamed:_10, unnamed:_11, unnamed:_12, unnamed:_13, unnamed:_14, unnamed:_15, unnamed:_16, unnamed:_17, unnamed:_18, unnamed:_19, unnamed:_20, unnamed:_21, unnamed:_22, unnamed:_23, unnamed:_24, unnamed:_25"
dynamic_part26.csv,raw_data/dynamic_part26.csv,False,missing_vehicle_id_x_y_time_or_frame,4,"date, 8, 10, 2019"
D8_part6.csv,raw_data/D8_part6.csv,False,missing_vehicle_id_x_y,50,"time, speed, engine_speed, gear"
D5_part5.csv,raw_data/D5_part5.csv,False,missing_vehicle_id_x_y,50,"time, speed, engine_speed, gear"
handling_part22.csv,raw_data/handling_part22.csv,False,missing_vehicle_id_x_y_time_or_frame,4,"date, 9, 10, 2019"
handling_part36.csv,raw_data/handling_part36.csv,False,missing_vehicle_id_x_y_time_or_frame,4,"date, 9, 10, 2019"
D14_part8.csv,raw_data/D14_part8.csv,False,missing_vehicle_id_x_y,50,"time, speed, engine_speed, gear"
part5 (1).csv,raw_data/part5 (1).csv,False,missing_vehicle_id_x_y_time_or_frame,4,"date, 30, 9, 2020"
D3_part11.csv,raw_data/D3_part11.csv,False,missing_vehicle_id_x_y,50,"time, speed, engine_speed, gear"
D8_part19.csv,raw_data/D8_part19.csv,False,missing_vehicle_id_x_y,50,"time, speed, engine_speed, gear"
D17_part13.csv,raw_data/D17_part13.csv,False,missing_vehicle_id_x_y,50,"time, speed, engine_speed, gear"
handling_part5.csv,raw_data/handling_part5.csv,False,missing_vehicle_id_x_y_time_or_frame,4,"date, 9, 10, 2019"
D3_part39.csv,raw_data/D3_part39.csv,False,missing_vehicle_id_x_y,50,"time, speed, engine_speed, gear"
D8_part31.csv,raw_data/D8_part31.csv,False,missing_vehicle_id_x_y,50,"time, speed, engine_speed, gear"
D20_part13.csv,raw_data/D20_part13.csv,False,missing_vehicle_id_x_y,50,"time, speed, engine_speed, gear"
D8_part25.csv,raw_data/D8_part25.csv,False,missing_vehicle_id_x_y,50,"time, speed, engine_speed, gear"
D3_part2.csv,raw_data/D3_part2.csv,False,missing_vehicle_id_x_y,50,"time, speed, engine_speed, gear"
D17_part4.csv,raw_data/D17_part4.csv,False,missing_vehicle_id_x_y,50,"time, speed, engine_speed, gear"
D3_part6.csv,raw_data/D3_part6.csv,False,missing_vehicle_id_x_y,50,"time, speed, engine_speed, gear"
D17_part17.csv,raw_data/D17_part17.csv,False,missing_vehicle_id_x_y,50,"time, speed, engine_speed, gear"
D3_part15.csv,raw_data/D3_part15.csv,False,missing_vehicle_id_x_y,50,"time, speed, engine_speed, gear"
D3_part29.csv,raw_data/D3_part29.csv,False,missing_vehicle_id_x_y,50,"time, speed, engine_speed, gear"
D8_part21.csv,raw_data/D8_part21.csv,False,missing_vehicle_id_x_y,50,"time, speed, engine_speed, gear"
D20_part17.csv,raw_data/D20_part17.csv,False,missing_vehicle_id_x_y,50,"time, speed, engine_speed, gear"
handling_part1.csv,raw_data/handling_part1.csv,False,missing_vehicle_id_x_y_time_or_frame,4,"date, 9, 10, 2019"
handling_part32.csv,raw_data/handling_part32.csv,False,missing_vehicle_id_x_y_time_or_frame,4,"date, 9, 10, 2019"
handling_part26.csv,raw_data/handling_part26.csv,False,missing_vehicle_id_x_y_time_or_frame,4,"date, 9, 10, 2019"
D5_part1.csv,raw_data/D5_part1.csv,False,missing_vehicle_id_x_y,50,"time, speed, engine_speed, gear"
D11_part3.csv,raw_data/D11_part3.csv,False,missing_vehicle_id_x_y,50,"time, speed, engine_speed, gear"
D8_part2.csv,raw_data/D8_part2.csv,False,missing_vehicle_id_x_y,50,"time, speed, engine_speed, gear"
VC-JRC_280219_part3.csv,raw_data/VC-JRC_280219_part3.csv,False,missing_vehicle_id_x_y_time_or_frame,50,"date, 28, 2, 2019, unnamed:_4, unnamed:_5, unnamed:_6, unnamed:_7, unnamed:_8, unnamed:_9, unnamed:_10, unnamed:_11, unnamed:_12, unnamed:_13, unnamed:_14, unnamed:_15, unnamed:_16, unnamed:_17, unnamed:_18, unnamed:_19, unnamed:_20, unnamed:_21, unnamed:_22, unnamed:_23, unnamed:_24, unnamed:_25, unnamed:_26, unnamed:_27, unnamed:_28, unnamed:_29, unnamed:_30, unnamed:_31, unnamed:_32, unnamed:_33, unnamed:_34, unnamed:_35, unnamed:_36, unnamed:_37, unnamed:_38, unnamed:_39, unnamed:_40, unnamed:_41, unnamed:_42, unnamed:_43, unnamed:_44, unnamed:_45, unnamed:_46, unnamed:_47, unnamed:_48, unnamed:_49, unnamed:_50, unnamed:_51, unnamed:_52, unnamed:_53, unnamed:_54, unnamed:_55, unnamed:_56, unnamed:_57, unnamed:_58, unnamed:_59, unnamed:_60, unnamed:_61, unnamed:_62, unnamed:_63, unnamed:_64, unnamed:_65, unnamed:_66, unnamed:_67, unnamed:_68, unnamed:_69, unnamed:_70"
dynamic_part22.csv,raw_data/dynamic_part22.csv,False,missing_vehicle_id_x_y_time_or_frame,4,"date, 8, 10, 2019"
dynamic_part4.csv,raw_data/dynamic_part4.csv,False,missing_vehicle_id_x_y_time_or_frame,4,"date, 8, 10, 2019"
ASta_040719_platoon3.csv,raw_data/ASta_040719_platoon3.csv,False,missing_vehicle_id_x_y_time_or_frame,50,"date, 4, 7, 2019, unnamed:_4, unnamed:_5, unnamed:_6, unnamed:_7, unnamed:_8, unnamed:_9, unnamed:_10, unnamed:_11, unnamed:_12, unnamed:_13, unnamed:_14, unnamed:_15, unnamed:_16, unnamed:_17, unnamed:_18, unnamed:_19, unnamed:_20, unnamed:_21, unnamed:_22, unnamed:_23, unnamed:_24, unnamed:_25, unnamed:_26, unnamed:_27, unnamed:_28, unnamed:_29, unnamed:_30, unnamed:_31, unnamed:_32, unnamed:_33, unnamed:_34, unnamed:_35, unnamed:_36, unnamed:_37, unnamed:_38, unnamed:_39, unnamed:_40, unnamed:_41, unnamed:_42, unnamed:_43, unnamed:_44, unnamed:_45, unnamed:_46, unnamed:_47, unnamed:_48, unnamed:_49, unnamed:_50, unnamed:_51, unnamed:_52, unnamed:_53, unnamed:_54, unnamed:_55, unnamed:_56, unnamed:_57, unnamed:_58, unnamed:_59, unnamed:_60, unnamed:_61, unnamed:_62, unnamed:_63, unnamed:_64, unnamed:_65"
dynamic_part5.csv,raw_data/dynamic_part5.csv,False,missing_vehicle_id_x_y_time_or_frame,4,"date, 8, 10, 2019"
VC-JRC_280219_part2.csv,raw_data/VC-JRC_280219_part2.csv,False,missing_vehicle_id_x_y_time_or_frame,50,"date, 28, 2, 2019, unnamed:_4, unnamed:_5, unnamed:_6, unnamed:_7, unnamed:_8, unnamed:_9, unnamed:_10, unnamed:_11, unnamed:_12, unnamed:_13, unnamed:_14, unnamed:_15, unnamed:_16, unnamed:_17, unnamed:_18, unnamed:_19, unnamed:_20, unnamed:_21, unnamed:_22, unnamed:_23, unnamed:_24, unnamed:_25, unnamed:_26, unnamed:_27, unnamed:_28, unnamed:_29, unnamed:_30, unnamed:_31, unnamed:_32, unnamed:_33, unnamed:_34, unnamed:_35, unnamed:_36, unnamed:_37, unnamed:_38, unnamed:_39, unnamed:_40, unnamed:_41, unnamed:_42, unnamed:_43, unnamed:_44, unnamed:_45, unnamed:_46, unnamed:_47, unnamed:_48, unnamed:_49, unnamed:_50, unnamed:_51, unnamed:_52, unnamed:_53, unnamed:_54, unnamed:_55, unnamed:_56, unnamed:_57, unnamed:_58, unnamed:_59, unnamed:_60, unnamed:_61, unnamed:_62, unnamed:_63, unnamed:_64, unnamed:_65, unnamed:_66, unnamed:_67, unnamed:_68, unnamed:_69, unnamed:_70"
D8_part3.csv,raw_data/D8_part3.csv,False,missing_vehicle_id_x_y,50,"time, speed, engine_speed, gear"
dynamic_part23.csv,raw_data/dynamic_part23.csv,False,missing_vehicle_id_x_y_time_or_frame,4,"date, 8, 10, 2019"
D11_part2.csv,raw_data/D11_part2.csv,False,missing_vehicle_id_x_y,50,"time, speed, engine_speed, gear"
handling_part27.csv,raw_data/handling_part27.csv,False,missing_vehicle_id_x_y_time_or_frame,4,"date, 9, 10, 2019"
handling_part33.csv,raw_data/handling_part33.csv,False,missing_vehicle_id_x_y_time_or_frame,4,"date, 9, 10, 2019"
part21_1.csv,raw_data/part21_1.csv,False,missing_vehicle_id_x_y_time_or_frame,4,"date, 30, 9, 2020"
D20_part16.csv,raw_data/D20_part16.csv,False,missing_vehicle_id_x_y,50,"time, speed, engine_speed, gear"
D8_part20.csv,raw_data/D8_part20.csv,False,missing_vehicle_id_x_y,50,"time, speed, engine_speed, gear"
D3_part28.csv,raw_data/D3_part28.csv,False,missing_vehicle_id_x_y,50,"time, speed, engine_speed, gear"
D3_part14.csv,raw_data/D3_part14.csv,False,missing_vehicle_id_x_y,50,"time, speed, engine_speed, gear"
D17_part16.csv,raw_data/D17_part16.csv,False,missing_vehicle_id_x_y,50,"time, speed, engine_speed, gear"
D3_part7.csv,raw_data/D3_part7.csv,False,missing_vehicle_id_x_y,50,"time, speed, engine_speed, gear"
D17_part5.csv,raw_data/D17_part5.csv,False,missing_vehicle_id_x_y,50,"time, speed, engine_speed, gear"
part4 (1).csv,raw_data/part4 (1).csv,False,missing_vehicle_id_x_y_time_or_frame,4,"date, 30, 9, 2020"
D17_part7.csv,raw_data/D17_part7.csv,False,missing_vehicle_id_x_y,50,"time, speed, engine_speed, gear"
D3_part5.csv,raw_data/D3_part5.csv,False,missing_vehicle_id_x_y,50,"time, speed, engine_speed, gear"
D20_part28.csv,raw_data/D20_part28.csv,False,missing_vehicle_id_x_y,50,"time, speed, engine_speed, gear"
D17_part14.csv,raw_data/D17_part14.csv,False,missing_vehicle_id_x_y,50,"time, speed, engine_speed, gear"
D3_part16.csv,raw_data/D3_part16.csv,False,missing_vehicle_id_x_y,50,"time, speed, engine_speed, gear"
D20_part14.csv,raw_data/D20_part14.csv,False,missing_vehicle_id_x_y,50,"time, speed, engine_speed, gear"
handling_part2.csv,raw_data/handling_part2.csv,False,missing_vehicle_id_x_y_time_or_frame,4,"date, 9, 10, 2019"
D8_part22.csv,raw_data/D8_part22.csv,False,missing_vehicle_id_x_y,50,"time, speed, engine_speed, gear"
handling_part25.csv,raw_data/handling_part25.csv,False,missing_vehicle_id_x_y_time_or_frame,4,"date, 9, 10, 2019"
handling_part31.csv,raw_data/handling_part31.csv,False,missing_vehicle_id_x_y_time_or_frame,4,"date, 9, 10, 2019"
handling_part19.csv,raw_data/handling_part19.csv,False,missing_vehicle_id_x_y_time_or_frame,4,"date, 9, 10, 2019"
D5_part2.csv,raw_data/D5_part2.csv,False,missing_vehicle_id_x_y,50,"time, speed, engine_speed, gear"
dynamic_part21.csv,raw_data/dynamic_part21.csv,False,missing_vehicle_id_x_y_time_or_frame,4,"date, 8, 10, 2019"
D8_part1.csv,raw_data/D8_part1.csv,False,missing_vehicle_id_x_y,50,"time, speed, engine_speed, gear"
dynamic_part7.csv,raw_data/dynamic_part7.csv,False,missing_vehicle_id_x_y_time_or_frame,4,"date, 8, 10, 2019"
dynamic_part6.csv,raw_data/dynamic_part6.csv,False,missing_vehicle_id_x_y_time_or_frame,4,"date, 8, 10, 2019"
dynamic_part20.csv,raw_data/dynamic_part20.csv,False,missing_vehicle_id_x_y_time_or_frame,4,"date, 8, 10, 2019"
D11_part1.csv,raw_data/D11_part1.csv,False,missing_vehicle_id_x_y,50,"time, speed, engine_speed, gear"
D5_part3.csv,raw_data/D5_part3.csv,False,missing_vehicle_id_x_y,50,"time, speed, engine_speed, gear"
Advanced_Driver_Assistance_System__ADAS_-Equipped_Single-Vehicle_Data_for_Central_Ohio.csv,raw_data/Advanced_Driver_Assistance_System__ADAS_-Equipped_Single-Vehicle_Data_for_Central_Ohio.csv,False,excluded_by_file_name,0,
handling_part18.csv,raw_data/handling_part18.csv,False,missing_vehicle_id_x_y_time_or_frame,4,"date, 9, 10, 2019"
handling_part30.csv,raw_data/handling_part30.csv,False,missing_vehicle_id_x_y_time_or_frame,4,"date, 9, 10, 2019"
handling_part24.csv,raw_data/handling_part24.csv,False,missing_vehicle_id_x_y_time_or_frame,4,"date, 9, 10, 2019"
D8_part23.csv,raw_data/D8_part23.csv,False,missing_vehicle_id_x_y,50,"time, speed, engine_speed, gear"
handling_part3.csv,raw_data/handling_part3.csv,False,missing_vehicle_id_x_y_time_or_frame,4,"date, 9, 10, 2019"
D20_part15.csv,raw_data/D20_part15.csv,False,missing_vehicle_id_x_y,50,"time, speed, engine_speed, gear"
D3_part17.csv,raw_data/D3_part17.csv,False,missing_vehicle_id_x_y,50,"time, speed, engine_speed, gear"
D17_part15.csv,raw_data/D17_part15.csv,False,missing_vehicle_id_x_y,50,"time, speed, engine_speed, gear"
D20_part29.csv,raw_data/D20_part29.csv,False,missing_vehicle_id_x_y,50,"time, speed, engine_speed, gear"
D3_part4.csv,raw_data/D3_part4.csv,False,missing_vehicle_id_x_y,50,"time, speed, engine_speed, gear"
D17_part6.csv,raw_data/D17_part6.csv,False,missing_vehicle_id_x_y,50,"time, speed, engine_speed, gear"
